Top pages,Clicks,Impressions,CTR,Position
https://couchdisposalplus.com/blog/home-cleaning/how-much-is-a-used-couch-worth/,1641,205230,0.8%,4.12
https://couchdisposalplus.com/,532,18838,2.82%,22.83
https://couchdisposalplus.com/blog/home-cleaning/how-to-remove-allergens-from-couch/,396,38084,1.04%,8.04
https://couchdisposalplus.com/how-to-remove-allergens-from-couch/,270,19192,1.41%,7.14
https://couchdisposalplus.com/blog/home-cleaning/why-does-my-couch-make-me-itch/,153,15861,0.96%,6.76
https://couchdisposalplus.com/how-much-is-a-used-couch-worth/,104,10472,0.99%,4.74
https://couchdisposalplus.com/how-to-remove-couch-allergens/,101,6131,1.65%,8.99
https://couchdisposalplus.com/blog/home-cleaning/what-is-sofa-dermatitis/,90,18350,0.49%,7.32
https://couchdisposalplus.com/couch-disposal/co/aurora/,74,15911,0.47%,32.91
https://couchdisposalplus.com/couch-disposal/co/denver/,72,20768,0.35%,31.17
https://couchdisposalplus.com/couch-disposal/co/colorado-springs/,72,8308,0.87%,31.47
https://couchdisposalplus.com/couch-disposal/pa/pittsburgh/,61,6797,0.9%,16.72
https://couchdisposalplus.com/blog/junk-removal/can-i-leave-a-couch-on-the-curb/,59,14790,0.4%,6.36
https://couchdisposalplus.com/couch-disposal/az/phoenix/,58,16019,0.36%,23.56
https://couchdisposalplus.com/blog/junk-removal/can-i-burn-an-old-couch/,58,7000,0.83%,5.87
https://couchdisposalplus.com/couch-disposal/nv/las-vegas/,57,7023,0.81%,30.49
https://couchdisposalplus.com/couch-disposal/ga/atlanta/,54,9188,0.59%,18.13
https://couchdisposalplus.com/couch-disposal/mn/minneapolis/,53,6001,0.88%,15.8
https://couchdisposalplus.com/couch-disposal/mo/st-louis/,53,3539,1.5%,17.67
https://couchdisposalplus.com/couch-disposal/mn/brooklyn-park/,50,2033,2.46%,20.31
https://couchdisposalplus.com/couch-disposal/co/lakewood/,47,5621,0.84%,42.09
https://couchdisposalplus.com/couch-disposal/az/tucson/,47,1955,2.4%,17.98
https://couchdisposalplus.com/couch-disposal/co/littleton/,47,1143,4.11%,25.51
https://couchdisposalplus.com/couch-disposal/tx/houston/,46,9936,0.46%,37.04
https://couchdisposalplus.com/couch-disposal/ks/wichita/,45,5602,0.8%,26.65
https://couchdisposalplus.com/couch-disposal/or/beaverton/,45,2192,2.05%,18.77
https://couchdisposalplus.com/couch-disposal/wi/eau-claire/,44,1099,4%,18.04
https://couchdisposalplus.com/couch-disposal/co/westminster/,43,3727,1.15%,24.49
https://couchdisposalplus.com/couch-disposal/ny/new-york-city/,41,29259,0.14%,33.41
https://couchdisposalplus.com/couch-disposal/ca/los-angeles/,41,15862,0.26%,25.04
https://couchdisposalplus.com/couch-disposal/tx/austin/,41,5844,0.7%,27.96
https://couchdisposalplus.com/couch-disposal/co/thornton/,41,2486,1.65%,30.55
https://couchdisposalplus.com/couch-disposal/va/alexandria/,40,32316,0.12%,57.7
https://couchdisposalplus.com/couch-disposal/il/chicago/,39,16496,0.24%,26.43
https://couchdisposalplus.com/couch-disposal/,39,6373,0.61%,5.55
https://couchdisposalplus.com/couch-disposal/co/greeley/,38,6221,0.61%,30.61
https://couchdisposalplus.com/couch-disposal/ny/brooklyn/,37,7883,0.47%,36.89
https://couchdisposalplus.com/blog/home-cleaning/best-worst-couch-materials-for-allergies/,37,4816,0.77%,10.29
https://couchdisposalplus.com/couch-disposal/mo/springfield/,37,3419,1.08%,17.85
https://couchdisposalplus.com/couch-disposal/ny/rochester/,37,1562,2.37%,17.93
https://couchdisposalplus.com/couch-disposal/mn/st-paul/,36,2165,1.66%,18.21
https://couchdisposalplus.com/couch-disposal/co/highlands-ranch/,35,1474,2.37%,31.71
https://couchdisposalplus.com/couch-disposal/in/indianapolis/,34,6308,0.54%,45.77
https://couchdisposalplus.com/couch-disposal/az/mesa/,34,3416,1%,30.07
https://couchdisposalplus.com/couch-disposal/nv/reno/,34,1601,2.12%,21.82
https://couchdisposalplus.com/couch-disposal/il/schaumburg/,33,3027,1.09%,37.79
https://couchdisposalplus.com/couch-disposal/ks/overland-park/,33,1872,1.76%,31.08
https://couchdisposalplus.com/couch-disposal/co/arvada/,33,1754,1.88%,35.85
https://couchdisposalplus.com/couch-disposal/pa/allentown/,32,8209,0.39%,47.92
https://couchdisposalplus.com/couch-disposal/mi/holland/,31,1498,2.07%,25.67
https://couchdisposalplus.com/couch-disposal/oh/newark/,31,1211,2.56%,34.89
https://couchdisposalplus.com/couch-disposal/va/richmond/,30,3227,0.93%,25.31
https://couchdisposalplus.com/couch-disposal/mo/kansas-city/,29,3735,0.78%,38.05
https://couchdisposalplus.com/couch-disposal/va/ashburn/,29,3132,0.93%,38.48
https://couchdisposalplus.com/couch-disposal/mi/grand-rapids/,29,2188,1.33%,19.53
https://couchdisposalplus.com/couch-disposal/oh/canton/,28,1577,1.78%,14.09
https://couchdisposalplus.com/couch-disposal/md/baltimore/,27,10361,0.26%,44.75
https://couchdisposalplus.com/couch-disposal/wa/seattle/,27,9422,0.29%,27.88
https://couchdisposalplus.com/couch-disposal/fl/tampa/,27,3628,0.74%,21.66
https://couchdisposalplus.com/couch-disposal/ut/salt-lake-city/,27,2196,1.23%,27.11
https://couchdisposalplus.com/couch-disposal/oh/columbus/,26,2994,0.87%,16.88
https://couchdisposalplus.com/couch-disposal/co/centennial/,26,1482,1.75%,38.99
https://couchdisposalplus.com/couch-disposal/mi/traverse-city/,26,636,4.09%,11.02
https://couchdisposalplus.com/couch-disposal/va/fairfax/,25,11127,0.22%,42.72
https://couchdisposalplus.com/couch-disposal/fl/jacksonville/,25,4141,0.6%,29.24
https://couchdisposalplus.com/couch-disposal/fl/orlando/,25,3807,0.66%,24.69
https://couchdisposalplus.com/couch-disposal/ca/long-beach/,25,2971,0.84%,21.68
https://couchdisposalplus.com/couch-disposal/ky/louisville/,25,2138,1.17%,24.96
https://couchdisposalplus.com/couch-disposal/ma/lowell/,25,1449,1.73%,21.8
https://couchdisposalplus.com/couch-disposal/ca/concord/,25,1134,2.2%,19.19
https://couchdisposalplus.com/couch-disposal/co/parker/,25,1111,2.25%,31.06
https://couchdisposalplus.com/couch-disposal/co/grand-junction/,25,885,2.82%,24.86
https://couchdisposalplus.com/locations/,24,11936,0.2%,34.3
https://couchdisposalplus.com/couch-disposal/ok/oklahoma-city/,24,4664,0.51%,31.31
https://couchdisposalplus.com/blog/junk-removal/can-you-cut-up-a-couch-to-throw-it-away/,24,2055,1.17%,9.94
https://couchdisposalplus.com/couch-disposal/wv/charleston/,24,1655,1.45%,27.75
https://couchdisposalplus.com/couch-disposal/pa/erie/,24,1328,1.81%,20.66
https://couchdisposalplus.com/couch-disposal/ca/stockton/,24,1207,1.99%,19.42
https://couchdisposalplus.com/couch-disposal/mn/plymouth/,24,1149,2.09%,22.07
https://couchdisposalplus.com/couch-disposal/pa/altoona/,24,917,2.62%,21.8
https://couchdisposalplus.com/couch-disposal/ne/omaha/,23,2920,0.79%,34.2
https://couchdisposalplus.com/couch-disposal/tx/conroe/,23,1175,1.96%,15.43
https://couchdisposalplus.com/couch-disposal/ky/bowling-green/,23,876,2.63%,13.48
https://couchdisposalplus.com/couch-disposal/ca/san-diego/,22,5965,0.37%,33.7
https://couchdisposalplus.com/couch-disposal/pa/wilkes-barre-township/,22,3812,0.58%,41.02
https://couchdisposalplus.com/couch-disposal/co/boulder/,22,3528,0.62%,34.09
https://couchdisposalplus.com/couch-disposal/oh/cincinnati/,22,3328,0.66%,22.12
https://couchdisposalplus.com/couch-disposal/ny/syracuse/,22,2114,1.04%,27.61
https://couchdisposalplus.com/couch-disposal/co/longmont/,22,1841,1.2%,20
https://couchdisposalplus.com/couch-disposal/pa/scranton/,22,1575,1.4%,30.75
https://couchdisposalplus.com/couch-disposal/in/terre-haute/,22,906,2.43%,18.78
https://couchdisposalplus.com/couch-disposal/pa/new-castle/,22,465,4.73%,33.11
https://couchdisposalplus.com/couch-disposal/oh/chardon/,22,393,5.6%,17.63
https://couchdisposalplus.com/couch-disposal/pa/philadelphia/,21,146220,0.01%,34.74
https://couchdisposalplus.com/couch-disposal/ca/san-jose/,21,7675,0.27%,39.89
https://couchdisposalplus.com/couch-disposal/nv/henderson/,21,3061,0.69%,51.2
https://couchdisposalplus.com/couch-disposal/ca/fresno/,21,2174,0.97%,22.56
https://couchdisposalplus.com/couch-disposal/fl/kissimmee/,21,1830,1.15%,18.49
https://couchdisposalplus.com/couch-disposal/tn/clarksville/,21,1810,1.16%,17.39
https://couchdisposalplus.com/couch-disposal/mn/maple-grove/,21,1413,1.49%,21.29
https://couchdisposalplus.com/couch-disposal/co/castle-rock/,21,1193,1.76%,26.2
https://couchdisposalplus.com/couch-disposal/la/lake-charles/,21,926,2.27%,30.93
https://couchdisposalplus.com/couch-disposal/wa/richland/,21,383,5.48%,15.13
https://couchdisposalplus.com/couch-disposal/ma/boston/,20,4694,0.43%,24.22
https://couchdisposalplus.com/couch-disposal/or/portland/,20,4186,0.48%,20.08
https://couchdisposalplus.com/couch-disposal/al/montgomery/,20,3382,0.59%,64.33
https://couchdisposalplus.com/couch-disposal/in/evansville/,20,1492,1.34%,29.24
https://couchdisposalplus.com/couch-disposal/ar/little-rock/,20,1327,1.51%,20.99
https://couchdisposalplus.com/couch-disposal/mn/rochester/,20,1252,1.6%,28.28
https://couchdisposalplus.com/couch-disposal/mn/eagan/,20,1125,1.78%,33.88
https://couchdisposalplus.com/couch-disposal/wi/west-bend/,20,680,2.94%,19.49
https://couchdisposalplus.com/couch-disposal/in/noblesville/,20,585,3.42%,12.7
https://couchdisposalplus.com/couch-disposal/mn/monticello/,20,474,4.22%,16.75
https://couchdisposalplus.com/couch-disposal/va/arlington/,19,9558,0.2%,50.26
https://couchdisposalplus.com/couch-disposal/co/broomfield/,19,7384,0.26%,33.99
https://couchdisposalplus.com/reviews/,19,5348,0.36%,6.57
https://couchdisposalplus.com/couch-disposal/oh/dayton/,19,3605,0.53%,18.69
https://couchdisposalplus.com/couch-disposal/il/wheaton/,19,1367,1.39%,33.09
https://couchdisposalplus.com/couch-disposal/tx/arlington/,19,1245,1.53%,34.79
https://couchdisposalplus.com/blog/junk-removal/how-to-dispose-of-a-sleeper-sofa/,19,1129,1.68%,11.95
https://couchdisposalplus.com/couch-disposal/ky/florence/,19,974,1.95%,15.8
https://couchdisposalplus.com/couch-disposal/ks/manhattan/,19,901,2.11%,29.31
https://couchdisposalplus.com/couch-disposal/oh/boardman/,19,809,2.35%,10.46
https://couchdisposalplus.com/couch-disposal/ny/saratoga-springs/,19,728,2.61%,28.46
https://couchdisposalplus.com/couch-disposal/wv/huntington/,19,640,2.97%,24.62
https://couchdisposalplus.com/couch-disposal/mi/jackson/,19,430,4.42%,7.99
https://couchdisposalplus.com/couch-disposal/tx/san-antonio/,18,5541,0.32%,33.2
https://couchdisposalplus.com/donation-pickup/,18,4204,0.43%,5.71
https://couchdisposalplus.com/couch-disposal/id/boise/,18,2182,0.82%,27.49
https://couchdisposalplus.com/couch-disposal/ga/cumming/,18,2028,0.89%,26.37
https://couchdisposalplus.com/couch-disposal/nm/albuquerque/,18,1736,1.04%,25.8
https://couchdisposalplus.com/couch-disposal/pa/reading/,18,1057,1.7%,25.91
https://couchdisposalplus.com/couch-disposal/ct/bridgeport/,18,939,1.92%,31.92
https://couchdisposalplus.com/couch-disposal/mo/lees-summit/,18,862,2.09%,39.78
https://couchdisposalplus.com/couch-disposal/ne/lincoln/,18,824,2.18%,16.45
https://couchdisposalplus.com/couch-disposal/or/bend/,18,584,3.08%,14.43
https://couchdisposalplus.com/couch-disposal/mt/missoula/,18,584,3.08%,21.9
https://couchdisposalplus.com/couch-disposal/mo/saint-joseph/,18,575,3.13%,20.71
https://couchdisposalplus.com/couch-disposal/or/albany/,18,384,4.69%,10.37
https://couchdisposalplus.com/couch-disposal/oh/kent/,18,345,5.22%,13.55
https://couchdisposalplus.com/couch-disposal/fl/miami/,17,4567,0.37%,29.54
https://couchdisposalplus.com/couch-disposal/oh/cleveland/,17,3599,0.47%,22.73
https://couchdisposalplus.com/couch-disposal/tx/frisco/,17,2430,0.7%,35.23
https://couchdisposalplus.com/couch-disposal/mi/flint/,17,2333,0.73%,16.89
https://couchdisposalplus.com/couch-disposal/pa/harrisburg/,17,1987,0.86%,30.16
https://couchdisposalplus.com/couch-disposal/co/loveland/,17,1477,1.15%,22.1
https://couchdisposalplus.com/couch-disposal/wa/spokane/,17,1331,1.28%,28.79
https://couchdisposalplus.com/couch-disposal/il/champaign/,17,1188,1.43%,27.15
https://couchdisposalplus.com/couch-disposal/ca/fremont/,17,1163,1.46%,25.14
https://couchdisposalplus.com/couch-disposal/ma/springfield/,17,1102,1.54%,14.45
https://couchdisposalplus.com/couch-disposal/ny/buffalo/,17,1038,1.64%,19.39
https://couchdisposalplus.com/couch-disposal/sc/greenville/,17,989,1.72%,20.81
https://couchdisposalplus.com/couch-disposal/tx/abilene/,17,518,3.28%,18.17
https://couchdisposalplus.com/couch-disposal/pa/indiana/,17,414,4.11%,23.24
https://couchdisposalplus.com/couch-disposal/mn/otsego/,17,251,6.77%,5.33
https://couchdisposalplus.com/couch-disposal/pa/lancaster/,16,10695,0.15%,25.56
https://couchdisposalplus.com/pricing/,16,5853,0.27%,7.77
https://couchdisposalplus.com/couch-disposal/va/newport-news/,16,2024,0.79%,39
https://couchdisposalplus.com/couch-disposal/ks/topeka/,16,1748,0.92%,27.08
https://couchdisposalplus.com/couch-disposal/tn/mount-juliet/,16,1569,1.02%,56.47
https://couchdisposalplus.com/couch-disposal/or/eugene/,16,1207,1.33%,18.35
https://couchdisposalplus.com/couch-disposal/in/south-bend/,16,1188,1.35%,29.54
https://couchdisposalplus.com/couch-disposal/oh/youngstown/,16,1132,1.41%,17.48
https://couchdisposalplus.com/couch-disposal/fl/new-port-richey/,16,1048,1.53%,21.34
https://couchdisposalplus.com/couch-disposal/ga/sandy-springs/,16,1035,1.55%,42.11
https://couchdisposalplus.com/couch-disposal/ny/poughkeepsie/,16,859,1.86%,15.4
https://couchdisposalplus.com/couch-disposal/tx/el-paso/,16,814,1.97%,13.33
https://couchdisposalplus.com/couch-disposal/ga/canton/,16,690,2.32%,9.78
https://couchdisposalplus.com/couch-disposal/ga/woodstock/,16,570,2.81%,23.55
https://couchdisposalplus.com/couch-disposal/pa/beaver/,16,490,3.27%,14.34
https://couchdisposalplus.com/couch-disposal/nc/winston-salem/,15,12569,0.12%,62.23
https://couchdisposalplus.com/couch-disposal/la/lafayette/,15,8607,0.17%,67.35
https://couchdisposalplus.com/couch-disposal/ok/tulsa/,15,3482,0.43%,44.86
https://couchdisposalplus.com/couch-disposal/wy/cheyenne/,15,2301,0.65%,15.23
https://couchdisposalplus.com/couch-disposal/vt/burlington/,15,1994,0.75%,23.28
https://couchdisposalplus.com/couch-disposal/wi/milwaukee/,15,1988,0.75%,24.54
https://couchdisposalplus.com/couch-disposal/wa/bellevue/,15,1321,1.14%,25.71
https://couchdisposalplus.com/couch-disposal/az/marana/,15,1101,1.36%,63.71
https://couchdisposalplus.com/couch-disposal/az/surprise/,15,931,1.61%,20.44
https://couchdisposalplus.com/couch-disposal/co/pueblo/,15,929,1.61%,26.93
https://couchdisposalplus.com/couch-disposal/wi/oshkosh/,15,806,1.86%,33.12
https://couchdisposalplus.com/couch-disposal/md/hagerstown/,15,499,3.01%,25.55
https://couchdisposalplus.com/couch-disposal/oh/tiffin/,15,223,6.73%,27.67
https://couchdisposalplus.com/couch-disposal/mi/alpena/,15,175,8.57%,6.33
https://couchdisposalplus.com/couch-disposal/ca/sacramento/,14,4218,0.33%,31.48
https://couchdisposalplus.com/furniture-disposal/ca/los-angeles/,14,3267,0.43%,33.43
https://couchdisposalplus.com/couch-disposal/tx/mckinney/,14,2894,0.48%,38.63
https://couchdisposalplus.com/couch-disposal/wa/tacoma/,14,2442,0.57%,28.95
https://couchdisposalplus.com/couch-disposal/pa/lebanon/,14,2431,0.58%,47.83
https://couchdisposalplus.com/couch-disposal/ky/lexington/,14,1368,1.02%,27.07
https://couchdisposalplus.com/couch-disposal/in/carmel/,14,923,1.52%,22.85
https://couchdisposalplus.com/couch-disposal/ca/pasadena/,14,622,2.25%,25.56
https://couchdisposalplus.com/couch-disposal/or/roseburg/,14,615,2.28%,22.91
https://couchdisposalplus.com/couch-disposal/mo/st-charles/,14,594,2.36%,20.03
https://couchdisposalplus.com/couch-disposal/il/quincy/,14,453,3.09%,21.28
https://couchdisposalplus.com/couch-disposal/in/clarksville/,14,418,3.35%,43.92
https://couchdisposalplus.com/couch-disposal/nc/salisbury/,14,404,3.47%,19.77
https://couchdisposalplus.com/couch-disposal/co/wheat-ridge/,14,309,4.53%,33.92
https://couchdisposalplus.com/couch-disposal/tn/cleveland/,14,307,4.56%,18.59
https://couchdisposalplus.com/couch-disposal/mn/vadnais-heights/,14,226,6.19%,21.57
https://couchdisposalplus.com/couch-disposal/pa/johnstown/,14,217,6.45%,14.71
https://couchdisposalplus.com/couch-disposal/pa/west-chester/,13,9380,0.14%,22.94
https://couchdisposalplus.com/couch-disposal/co/fort-collins/,13,4031,0.32%,41.06
https://couchdisposalplus.com/couch-disposal/sc/columbia/,13,2152,0.6%,30.92
https://couchdisposalplus.com/couch-disposal/az/tempe/,13,1614,0.81%,55.58
https://couchdisposalplus.com/couch-disposal/ny/white-plains/,13,1301,1%,52.54
https://couchdisposalplus.com/couch-disposal/ca/anaheim/,13,1291,1.01%,29.65
https://couchdisposalplus.com/couch-disposal/la/slidell/,13,1206,1.08%,31.14
https://couchdisposalplus.com/couch-disposal/wa/vancouver/,13,1131,1.15%,36.07
https://couchdisposalplus.com/couch-disposal/ri/cranston/,13,850,1.53%,15.84
https://couchdisposalplus.com/couch-disposal/ct/hartford/,13,724,1.8%,20
https://couchdisposalplus.com/couch-disposal/ky/elizabethtown/,13,708,1.84%,41.74
https://couchdisposalplus.com/couch-disposal/ia/ames/,13,689,1.89%,29.06
https://couchdisposalplus.com/couch-disposal/il/springfield/,13,640,2.03%,21.03
https://couchdisposalplus.com/couch-disposal/wa/kennewick/,13,639,2.03%,22.93
https://couchdisposalplus.com/couch-disposal/wv/morgantown/,13,517,2.51%,20.6
https://couchdisposalplus.com/couch-disposal/or/medford/,13,513,2.53%,21.09
https://couchdisposalplus.com/couch-disposal/wv/martinsburg/,13,501,2.59%,17.02
https://couchdisposalplus.com/couch-disposal/ca/san-ramon/,13,464,2.8%,28.49
https://couchdisposalplus.com/couch-disposal/il/bloomington/,13,453,2.87%,25.15
https://couchdisposalplus.com/couch-disposal/wi/superior/,13,290,4.48%,12.22
https://couchdisposalplus.com/couch-disposal/oh/perrysburg/,13,192,6.77%,18.57
https://couchdisposalplus.com/couch-disposal/hi/oahu/,12,22394,0.05%,22.99
https://couchdisposalplus.com/couch-disposal/la/baton-rouge/,12,5022,0.24%,62.99
https://couchdisposalplus.com/couch-disposal/ny/queens/,12,4739,0.25%,40
https://couchdisposalplus.com/couch-disposal/pa/bethlehem/,12,1870,0.64%,43.2
https://couchdisposalplus.com/couch-disposal/nc/gastonia/,12,1815,0.66%,31.66
https://couchdisposalplus.com/couch-disposal/il/aurora/,12,1022,1.17%,32.62
https://couchdisposalplus.com/couch-disposal/hi/hilo/,12,886,1.35%,18.99
https://couchdisposalplus.com/couch-disposal/sc/summerville/,12,853,1.41%,31.98
https://couchdisposalplus.com/couch-disposal/tx/leander/,12,850,1.41%,29.05
https://couchdisposalplus.com/couch-disposal/fl/palm-harbor/,12,791,1.52%,47.52
https://couchdisposalplus.com/couch-disposal/wi/sheboygan/,12,784,1.53%,21.83
https://couchdisposalplus.com/couch-disposal/wi/waukesha/,12,767,1.56%,21.56
https://couchdisposalplus.com/couch-disposal/ut/provo/,12,736,1.63%,19.63
https://couchdisposalplus.com/blog/junk-removal/what-happens-to-old-furniture-after-you-get-rid-of-it/,12,613,1.96%,11.99
https://couchdisposalplus.com/couch-disposal/ca/redlands/,12,612,1.96%,27.63
https://couchdisposalplus.com/couch-disposal/de/newark/,12,572,2.1%,24.59
https://couchdisposalplus.com/couch-disposal/mo/ofallon/,12,568,2.11%,27.6
https://couchdisposalplus.com/couch-disposal/mi/kalamazoo/,12,539,2.23%,20.39
https://couchdisposalplus.com/couch-disposal/mi/battle-creek/,12,426,2.82%,18.66
https://couchdisposalplus.com/couch-donation-pickup/mn/duluth/,12,393,3.05%,17.66
https://couchdisposalplus.com/couch-donation-pickup/nj/burlington/,12,374,3.21%,9.41
https://couchdisposalplus.com/couch-disposal/ny/clifton-park/,12,340,3.53%,25.1
https://couchdisposalplus.com/couch-donation-pickup/nj/old-bridge/,12,322,3.73%,7.49
https://couchdisposalplus.com/couch-disposal/mn/buffalo/,12,308,3.9%,10.75
https://couchdisposalplus.com/couch-disposal/oh/north-olmsted/,12,284,4.23%,35.62
https://couchdisposalplus.com/couch-disposal/mo/arnold/,12,236,5.08%,7.94
https://couchdisposalplus.com/couch-disposal/oh/marion/,12,203,5.91%,13.51
https://couchdisposalplus.com/couch-disposal/tn/nashville/,11,5686,0.19%,25.34
https://couchdisposalplus.com/couch-disposal/dc/washington/,11,3723,0.3%,28.96
https://couchdisposalplus.com/blog/home-cleaning/remove-dust-mites-from-your-couch-step-by-step/,11,3552,0.31%,14.17
https://couchdisposalplus.com/couch-disposal/va/lynchburg/,11,2814,0.39%,58.08
https://couchdisposalplus.com/couch-disposal/tx/katy/,11,2656,0.41%,59.24
https://couchdisposalplus.com/couch-disposal/sc/myrtle-beach/,11,2067,0.53%,50.74
https://couchdisposalplus.com/couch-disposal/tx/fort-worth/,11,1925,0.57%,42.93
https://couchdisposalplus.com/couch-disposal/al/birmingham/,11,1461,0.75%,18.9
https://couchdisposalplus.com/couch-disposal/sc/north-myrtle-beach/,11,1294,0.85%,54.37
https://couchdisposalplus.com/couch-disposal/il/naperville/,11,1267,0.87%,30.64
https://couchdisposalplus.com/couch-disposal/fl/st-petersburg/,11,1218,0.9%,23.3
https://couchdisposalplus.com/best-worst-couch-materials-for-allergies/,11,1195,0.92%,7.41
https://couchdisposalplus.com/couch-disposal/fl/st-augustine/,11,1156,0.95%,31.78
https://couchdisposalplus.com/couch-disposal/ca/corona/,11,1065,1.03%,36.25
https://couchdisposalplus.com/couch-disposal/la/alexandria/,11,1056,1.04%,62.12
https://couchdisposalplus.com/couch-disposal/ca/chino/,11,1049,1.05%,21.51
https://couchdisposalplus.com/furniture-disposal/in/fishers/,11,1020,1.08%,37.11
https://couchdisposalplus.com/couch-disposal/tx/new-braunfels/,11,878,1.25%,25.01
https://couchdisposalplus.com/couch-disposal/tx/round-rock/,11,841,1.31%,24.38
https://couchdisposalplus.com/couch-donation-pickup/id/boise/,11,756,1.46%,22.73
https://couchdisposalplus.com/couch-disposal/in/elkhart/,11,693,1.59%,28.04
https://couchdisposalplus.com/couch-disposal/ga/cartersville/,11,616,1.79%,26.77
https://couchdisposalplus.com/couch-disposal/wa/redmond/,11,594,1.85%,27.44
https://couchdisposalplus.com/couch-disposal/fl/hollywood/,11,581,1.89%,26.5
https://couchdisposalplus.com/couch-disposal/nm/rio-rancho/,11,581,1.89%,28.8
https://couchdisposalplus.com/couch-disposal/oh/warren/,11,575,1.91%,17.87
https://couchdisposalplus.com/mattress-disposal/ga/flowery-branch/,11,542,2.03%,13.87
https://couchdisposalplus.com/couch-disposal/ma/malden/,11,522,2.11%,29.48
https://couchdisposalplus.com/couch-disposal/al/huntsville/,11,480,2.29%,14.81
https://couchdisposalplus.com/couch-disposal/pa/hollidaysburg/,11,475,2.32%,28.79
https://couchdisposalplus.com/couch-donation-pickup/mo/ofallon/,11,378,2.91%,9.7
https://couchdisposalplus.com/couch-disposal/tn/jackson/,11,364,3.02%,21.84
https://couchdisposalplus.com/couch-donation-pickup/nv/reno/,11,325,3.38%,18.27
https://couchdisposalplus.com/couch-disposal/tx/beaumont/,11,277,3.97%,27.19
https://couchdisposalplus.com/couch-disposal/il/pekin/,11,274,4.01%,19.22
https://couchdisposalplus.com/couch-donation-pickup/wi/west-bend/,11,238,4.62%,8.32
https://couchdisposalplus.com/couch-donation-pickup/oh/youngstown/,11,228,4.82%,7.59
https://couchdisposalplus.com/couch-disposal/nc/charlotte/,10,10363,0.1%,31.04
https://couchdisposalplus.com/couch-disposal/fl/fort-myers/,10,2893,0.35%,23.79
https://couchdisposalplus.com/couch-disposal/pa/bloomsburg/,10,1622,0.62%,59.21
https://couchdisposalplus.com/couch-disposal/nc/greensboro/,10,1377,0.73%,26.99
https://couchdisposalplus.com/couch-disposal/fl/bradenton/,10,1310,0.76%,23.07
https://couchdisposalplus.com/couch-disposal/co/commerce-city/,10,1250,0.8%,55.74
https://couchdisposalplus.com/couch-disposal/az/chandler/,10,1028,0.97%,46.63
https://couchdisposalplus.com/couch-disposal/mn/mankato/,10,1027,0.97%,39.19
https://couchdisposalplus.com/couch-disposal/nc/jacksonville/,10,954,1.05%,34.54
https://couchdisposalplus.com/couch-disposal/wa/renton/,10,941,1.06%,26.42
https://couchdisposalplus.com/couch-disposal/mn/winona/,10,887,1.13%,42.86
https://couchdisposalplus.com/couch-disposal/ny/albany/,10,877,1.14%,18.25
https://couchdisposalplus.com/couch-disposal/oh/springfield/,10,862,1.16%,12.39
https://couchdisposalplus.com/couch-disposal/fl/ocala/,10,825,1.21%,18.85
https://couchdisposalplus.com/couch-disposal/mn/coon-rapids/,10,806,1.24%,32.25
https://couchdisposalplus.com/couch-disposal/hi/kailua-kona/,10,775,1.29%,16.02
https://couchdisposalplus.com/couch-disposal/ca/oxnard/,10,752,1.33%,25.24
https://couchdisposalplus.com/couch-disposal/il/gurnee/,10,632,1.58%,44.74
https://couchdisposalplus.com/couch-disposal/ma/weymouth/,10,594,1.68%,18.57
https://couchdisposalplus.com/couch-disposal/il/moline/,10,587,1.7%,28.8
https://couchdisposalplus.com/couch-disposal/ma/marlborough/,10,584,1.71%,17.87
https://couchdisposalplus.com/couch-disposal/ms/tupelo/,10,582,1.72%,53.52
https://couchdisposalplus.com/couch-disposal/mn/duluth/,10,567,1.76%,30.95
https://couchdisposalplus.com/couch-disposal/mi/muskegon/,10,547,1.83%,25.1
https://couchdisposalplus.com/couch-disposal/il/lombard/,10,543,1.84%,25.43
https://couchdisposalplus.com/mattress-disposal/ny/auburn/,10,541,1.85%,10.19
https://couchdisposalplus.com/couch-donation-pickup/hi/oahu/,10,534,1.87%,21.01
https://couchdisposalplus.com/couch-disposal/ct/danbury/,10,527,1.9%,26.4
https://couchdisposalplus.com/couch-disposal/mn/elk-river/,10,514,1.95%,35.91
https://couchdisposalplus.com/couch-disposal/ma/west-springfield/,10,506,1.98%,21.19
https://couchdisposalplus.com/couch-disposal/ma/pittsfield/,10,474,2.11%,27.75
https://couchdisposalplus.com/couch-disposal/il/bourbonnais/,10,458,2.18%,29.54
https://couchdisposalplus.com/couch-disposal/wy/casper/,10,420,2.38%,24.97
https://couchdisposalplus.com/couch-donation-pickup/fl/davenport/,10,418,2.39%,8.29
https://couchdisposalplus.com/couch-disposal/in/warsaw/,10,406,2.46%,16.87
https://couchdisposalplus.com/couch-disposal/mn/lakeville/,10,404,2.48%,26.66
https://couchdisposalplus.com/mattress-disposal/wv/charleston/,10,364,2.75%,11.44
https://couchdisposalplus.com/couch-disposal/wi/new-berlin/,10,361,2.77%,32.33
https://couchdisposalplus.com/couch-donation-pickup/ca/corona/,10,346,2.89%,8.83
https://couchdisposalplus.com/couch-donation-pickup/ca/hemet/,10,344,2.91%,11.03
https://couchdisposalplus.com/hospital-bed-disposal/md/baltimore/,10,342,2.92%,15.69
https://couchdisposalplus.com/couch-disposal/id/meridian/,10,338,2.96%,26.93
https://couchdisposalplus.com/couch-disposal/fl/holiday/,10,270,3.7%,22.35
https://couchdisposalplus.com/couch-donation-pickup/nj/edison/,10,224,4.46%,9.25
https://couchdisposalplus.com/couch-disposal/ma/bellingham/,10,200,5%,9.3
https://couchdisposalplus.com/couch-donation-pickup/mn/shakopee/,10,183,5.46%,9.46
https://couchdisposalplus.com/couch-disposal/mo/rolla/,10,175,5.71%,10.17
https://couchdisposalplus.com/couch-disposal/mn/isanti/,10,137,7.3%,16.73
https://couchdisposalplus.com/couch-disposal/mn/sauk-rapids/,10,119,8.4%,9.45
https://couchdisposalplus.com/couch-disposal/pa/norristown/,9,163133,0.01%,35.28
https://couchdisposalplus.com/furniture-disposal/sd/rapid-city/,9,5714,0.16%,66.93
https://couchdisposalplus.com/couch-disposal/sc/charleston/,9,3410,0.26%,58.84
https://couchdisposalplus.com/couch-disposal/nc/hickory/,9,2936,0.31%,22.29
https://couchdisposalplus.com/mattress-disposal/sc/myrtle-beach/,9,2936,0.31%,61.17
https://couchdisposalplus.com/couch-disposal/tn/murfreesboro/,9,2389,0.38%,44.72
https://couchdisposalplus.com/couch-disposal/ny/staten-island/,9,2202,0.41%,45.64
https://couchdisposalplus.com/couch-disposal/ma/lawrence/,9,2024,0.44%,63.66
https://couchdisposalplus.com/couch-disposal/mt/billings/,9,1951,0.46%,26.01
https://couchdisposalplus.com/couch-disposal/va/chesapeake/,9,1525,0.59%,53.5
https://couchdisposalplus.com/couch-disposal/ga/lawrenceville/,9,1496,0.6%,34.63
https://couchdisposalplus.com/couch-disposal/wi/west-allis/,9,1452,0.62%,52.85
https://couchdisposalplus.com/couch-disposal/mn/saint-louis-park/,9,1275,0.71%,51.25
https://couchdisposalplus.com/couch-disposal/wi/madison/,9,1008,0.89%,15.04
https://couchdisposalplus.com/couch-disposal/il/belleville/,9,1004,0.9%,16.1
https://couchdisposalplus.com/couch-disposal/fl/boca-raton/,9,906,0.99%,28.26
https://couchdisposalplus.com/couch-disposal/tx/odessa/,9,867,1.04%,38.54
https://couchdisposalplus.com/couch-disposal/nc/asheville/,9,819,1.1%,22.03
https://couchdisposalplus.com/couch-disposal/ca/huntington-beach/,9,809,1.11%,30.45
https://couchdisposalplus.com/couch-disposal/fl/palm-coast/,9,807,1.12%,29.84
https://couchdisposalplus.com/couch-disposal/wv/beckley/,9,781,1.15%,48.77
https://couchdisposalplus.com/couch-disposal/md/bethesda/,9,756,1.19%,41.75
https://couchdisposalplus.com/couch-disposal/nc/fayetteville/,9,723,1.24%,12.46
https://couchdisposalplus.com/couch-disposal/pa/york/,9,665,1.35%,35.41
https://couchdisposalplus.com/couch-disposal/ny/schenectady/,9,641,1.4%,20.91
https://couchdisposalplus.com/couch-disposal/ut/ogden/,9,626,1.44%,23.95
https://couchdisposalplus.com/couch-disposal/fl/wesley-chapel/,9,611,1.47%,29.71
https://couchdisposalplus.com/couch-disposal/co/brighton/,9,554,1.62%,31.04
https://couchdisposalplus.com/couch-disposal/ca/fontana/,9,550,1.64%,29.95
https://couchdisposalplus.com/couch-disposal/il/peoria/,9,541,1.66%,22.86
https://couchdisposalplus.com/couch-disposal/wa/wenatchee/,9,537,1.68%,42.6
https://couchdisposalplus.com/couch-disposal/tx/edinburg/,9,532,1.69%,34.39
https://couchdisposalplus.com/appliance-disposal/ks/salina/,9,512,1.76%,27.78
https://couchdisposalplus.com/couch-disposal/wi/manitowoc/,9,511,1.76%,18.29
https://couchdisposalplus.com/couch-disposal/ca/fullerton/,9,509,1.77%,29
https://couchdisposalplus.com/couch-donation-pickup/ny/binghamton/,9,501,1.8%,9.41
https://couchdisposalplus.com/couch-disposal/tn/lebanon/,9,478,1.88%,14.97
https://couchdisposalplus.com/couch-disposal/mn/shoreview/,9,443,2.03%,33.2
https://couchdisposalplus.com/couch-disposal/oh/mansfield/,9,429,2.1%,20.05
https://couchdisposalplus.com/mattress-disposal/wi/hudson/,9,427,2.11%,15.99
https://couchdisposalplus.com/couch-disposal/il/decatur/,9,426,2.11%,14.35
https://couchdisposalplus.com/couch-disposal/ny/greece/,9,393,2.29%,28.78
https://couchdisposalplus.com/couch-disposal/pa/bethel-park/,9,360,2.5%,30.85
https://couchdisposalplus.com/donation-pickup/couch/rockland-ny/,9,353,2.55%,22.74
https://couchdisposalplus.com/couch-disposal/ca/tracy/,9,351,2.56%,17.76
https://couchdisposalplus.com/couch-disposal/mo/troy/,9,346,2.6%,16.14
https://couchdisposalplus.com/couch-disposal/oh/fairfield/,9,341,2.64%,29.6
https://couchdisposalplus.com/couch-disposal/ut/saint-george/,9,311,2.89%,27.51
https://couchdisposalplus.com/couch-disposal/pa/uniontown/,9,309,2.91%,28.37
https://couchdisposalplus.com/couch-donation-pickup/wa/spokane/,9,307,2.93%,11.12
https://couchdisposalplus.com/mattress-disposal/ca/hemet/,9,300,3%,32.33
https://couchdisposalplus.com/couch-disposal/wi/chippewa-falls/,9,292,3.08%,14.63
https://couchdisposalplus.com/couch-donation-pickup/ca/elk-grove/,9,277,3.25%,12.35
https://couchdisposalplus.com/couch-donation-pickup/md/annapolis/,9,256,3.52%,12.44
https://couchdisposalplus.com/couch-disposal/il/mchenry/,9,245,3.67%,11.89
https://couchdisposalplus.com/couch-disposal/oh/columbiana/,9,244,3.69%,27.27
https://couchdisposalplus.com/couch-donation-pickup/wi/wisconsin-rapids/,9,240,3.75%,16.43
https://couchdisposalplus.com/furniture-disposal/ok/muskogee/,9,236,3.81%,23.64
https://couchdisposalplus.com/couch-disposal/oh/chillicothe/,9,207,4.35%,20.29
https://couchdisposalplus.com/couch-disposal/mo/festus/,9,199,4.52%,7.28
https://couchdisposalplus.com/couch-disposal/il/ottawa/,9,176,5.11%,13.68
https://couchdisposalplus.com/couch-disposal/mi/allegan/,9,163,5.52%,10.24
https://couchdisposalplus.com/couch-disposal/il/lincoln/,9,129,6.98%,7.91
https://couchdisposalplus.com/couch-donation-pickup/md/mellwood/,9,96,9.38%,5.44
https://couchdisposalplus.com/careers/,9,44,20.45%,4.02
https://couchdisposalplus.com/mattress-disposal/co/colorado-springs/,8,13806,0.06%,68.83
https://couchdisposalplus.com/couch-disposal/tn/memphis/,8,12897,0.06%,66.2
https://couchdisposalplus.com/couch-disposal/tx/corpus-christi/,8,3335,0.24%,65.51
https://couchdisposalplus.com/couch-disposal/nc/raleigh/,8,3138,0.25%,33.8
https://couchdisposalplus.com/couch-disposal/ga/marietta/,8,3038,0.26%,40.01
https://couchdisposalplus.com/couch-disposal/fl/naples/,8,2974,0.27%,24.88
https://couchdisposalplus.com/mattress-disposal/pa/pittsburgh/,8,2345,0.34%,38.29
https://couchdisposalplus.com/couch-disposal/ca/irvine/,8,1976,0.4%,39.16
https://couchdisposalplus.com/couch-disposal/la/new-orleans/,8,1365,0.59%,31
https://couchdisposalplus.com/couch-disposal/ca/oakland/,8,1270,0.63%,18.86
https://couchdisposalplus.com/couch-disposal/az/flagstaff/,8,1213,0.66%,40.67
https://couchdisposalplus.com/couch-disposal/nc/wilmington/,8,1061,0.75%,30.21
https://couchdisposalplus.com/couch-disposal/il/elgin/,8,908,0.88%,26.81
https://couchdisposalplus.com/mattress-disposal/al/birmingham/,8,895,0.89%,20.64
https://couchdisposalplus.com/couch-disposal/wi/wausau/,8,893,0.9%,23.24
https://couchdisposalplus.com/appliance-disposal/tx/odessa/,8,817,0.98%,50.33
https://couchdisposalplus.com/couch-disposal/ok/norman/,8,813,0.98%,23.5
https://couchdisposalplus.com/couch-disposal/pa/stroudsburg/,8,725,1.1%,34.35
https://couchdisposalplus.com/couch-disposal/tx/pearland/,8,678,1.18%,42.47
https://couchdisposalplus.com/mattress-disposal/pa/stroudsburg/,8,672,1.19%,22.4
https://couchdisposalplus.com/couch-disposal/or/gresham/,8,653,1.23%,29.73
https://couchdisposalplus.com/paint-disposal/tn/chattanooga/,8,643,1.24%,11.25
https://couchdisposalplus.com/couch-disposal/ca/torrance/,8,608,1.32%,32.67
https://couchdisposalplus.com/couch-disposal/il/rockford/,8,581,1.38%,12.44
https://couchdisposalplus.com/couch-disposal/in/jeffersonville/,8,578,1.38%,32.74
https://couchdisposalplus.com/couch-disposal/in/crown-point/,8,564,1.42%,28.7
https://couchdisposalplus.com/couch-disposal/mn/bloomington/,8,563,1.42%,24.68
https://couchdisposalplus.com/couch-donation-pickup/ca/fresno/,8,561,1.43%,14.19
https://couchdisposalplus.com/couch-disposal/oh/medina/,8,559,1.43%,25.27
https://couchdisposalplus.com/couch-disposal/wa/snohomish/,8,527,1.52%,22.44
https://couchdisposalplus.com/couch-disposal/tx/burleson/,8,522,1.53%,42.43
https://couchdisposalplus.com/couch-disposal/oh/zanesville/,8,510,1.57%,34.2
https://couchdisposalplus.com/blog/eco-friendly-living/can-couch-be-donated/,8,506,1.58%,5.93
https://couchdisposalplus.com/couch-disposal/fl/doral/,8,505,1.58%,29.83
https://couchdisposalplus.com/couch-disposal/oh/loveland/,8,504,1.59%,32.26
https://couchdisposalplus.com/couch-disposal/ca/manteca/,8,501,1.6%,37.6
https://couchdisposalplus.com/couch-disposal/ri/warwick/,8,500,1.6%,23.11
https://couchdisposalplus.com/couch-disposal/ut/west-jordan/,8,498,1.61%,32.36
https://couchdisposalplus.com/faq/,8,482,1.66%,9.03
https://couchdisposalplus.com/couch-disposal/mn/fridley/,8,478,1.67%,29.33
https://couchdisposalplus.com/couch-disposal/oh/fremont/,8,473,1.69%,35.9
https://couchdisposalplus.com/couch-disposal/id/idaho-falls/,8,439,1.82%,22.03
https://couchdisposalplus.com/couch-disposal/in/lafayette/,8,429,1.86%,14.36
https://couchdisposalplus.com/couch-disposal/ga/buford/,8,420,1.9%,34.8
https://couchdisposalplus.com/couch-disposal/fl/tallahassee/,8,411,1.95%,28.75
https://couchdisposalplus.com/couch-disposal/fl/largo/,8,397,2.02%,24.94
https://couchdisposalplus.com/couch-disposal/ga/albany/,8,389,2.06%,16.44
https://couchdisposalplus.com/couch-donation-pickup/tx/el-paso/,8,387,2.07%,8.58
https://couchdisposalplus.com/couch-disposal/mn/anoka/,8,381,2.1%,21.85
https://couchdisposalplus.com/couch-disposal/mn/roseville/,8,373,2.14%,31.36
https://couchdisposalplus.com/couch-disposal/ga/douglasville/,8,371,2.16%,49.91
https://couchdisposalplus.com/couch-disposal/la/monroe/,8,367,2.18%,42.81
https://couchdisposalplus.com/couch-disposal/wa/lacey/,8,356,2.25%,26.28
https://couchdisposalplus.com/couch-disposal/sc/aiken/,8,336,2.38%,24.68
https://couchdisposalplus.com/couch-disposal/al/millbrook/,8,333,2.4%,26.85
https://couchdisposalplus.com/couch-disposal/co/erie/,8,325,2.46%,32.12
https://couchdisposalplus.com/couch-disposal/ct/norwalk/,8,322,2.48%,26.86
https://couchdisposalplus.com/couch-disposal/pa/butler/,8,320,2.5%,13.01
https://couchdisposalplus.com/couch-disposal/wa/olympia/,8,315,2.54%,23.51
https://couchdisposalplus.com/couch-disposal/tx/kyle/,8,303,2.64%,24.35
https://couchdisposalplus.com/couch-disposal/pa/warren/,8,303,2.64%,33.29
https://couchdisposalplus.com/couch-disposal/or/grants-pass/,8,295,2.71%,25.21
https://couchdisposalplus.com/couch-disposal/mn/minnetonka/,8,294,2.72%,22.72
https://couchdisposalplus.com/couch-disposal/az/gilbert/,8,283,2.83%,20.95
https://couchdisposalplus.com/couch-disposal/il/grayslake/,8,268,2.99%,26.92
https://couchdisposalplus.com/couch-disposal/vt/barre/,8,268,2.99%,44.22
https://couchdisposalplus.com/couch-disposal/sc/sumter/,8,255,3.14%,20.75
https://couchdisposalplus.com/couch-donation-pickup/fl/palm-coast/,8,252,3.17%,8.83
https://couchdisposalplus.com/couch-donation-pickup/ct/norwalk/,8,218,3.67%,8.3
https://couchdisposalplus.com/couch-disposal/ma/east-bridgewater/,8,214,3.74%,26.66
https://couchdisposalplus.com/couch-donation-pickup/nj/cape-may-court-house/,8,211,3.79%,11.16
https://couchdisposalplus.com/couch-disposal/md/elkton/,8,209,3.83%,16.22
https://couchdisposalplus.com/couch-disposal/oh/mount-vernon/,8,201,3.98%,12.69
https://couchdisposalplus.com/couch-disposal/il/yorkville/,8,185,4.32%,13.63
https://couchdisposalplus.com/couch-disposal/il/mattoon/,8,182,4.4%,12.26
https://couchdisposalplus.com/couch-donation-pickup/nj/princeton/,8,177,4.52%,6.37
https://couchdisposalplus.com/couch-disposal/al/auburn/,8,175,4.57%,16.29
https://couchdisposalplus.com/couch-disposal/pa/washington/,8,174,4.6%,9.7
https://couchdisposalplus.com/couch-disposal/tx/alvin/,8,166,4.82%,27.69
https://couchdisposalplus.com/mattress-disposal/ny/geneva/,8,162,4.94%,8.49
https://couchdisposalplus.com/couch-disposal/mn/albertville/,8,150,5.33%,6.04
https://couchdisposalplus.com/couch-disposal/in/auburn/,8,131,6.11%,8.37
https://couchdisposalplus.com/couch-disposal/pa/yardley/,7,121608,0.01%,45.91
https://couchdisposalplus.com/couch-disposal/ca/temecula/,7,8168,0.09%,17.19
https://couchdisposalplus.com/couch-disposal/pa/doylestown/,7,3707,0.19%,49.28
https://couchdisposalplus.com/couch-disposal/mi/detroit/,7,3514,0.2%,50.87
https://couchdisposalplus.com/couch-disposal/la/shreveport/,7,3114,0.22%,43.04
https://couchdisposalplus.com/couch-disposal/md/columbia/,7,2212,0.32%,23.94
https://couchdisposalplus.com/jersey-city-nj/,7,1657,0.42%,26.91
https://couchdisposalplus.com/couch-disposal/ca/murrieta/,7,1462,0.48%,46.6
https://couchdisposalplus.com/couch-disposal/oh/mentor/,7,1436,0.49%,44.63
https://couchdisposalplus.com/couch-disposal/fl/pensacola/,7,1410,0.5%,22.59
https://couchdisposalplus.com/couch-disposal/ca/riverside/,7,1338,0.52%,39.21
https://couchdisposalplus.com/couch-disposal/ny/yonkers/,7,1296,0.54%,39.88
https://couchdisposalplus.com/couch-disposal/in/fort-wayne/,7,1215,0.58%,44.36
https://couchdisposalplus.com/couch-disposal/tx/lubbock/,7,1156,0.61%,25.18
https://couchdisposalplus.com/couch-disposal/sc/spartanburg/,7,1142,0.61%,37.05
https://couchdisposalplus.com/couch-disposal/ia/cedar-rapids/,7,1002,0.7%,27.73
https://couchdisposalplus.com/couch-disposal/fl/lakeland/,7,990,0.71%,25.38
https://couchdisposalplus.com/couch-disposal/fl/venice/,7,990,0.71%,46.56
https://couchdisposalplus.com/mattress-disposal/co/lakewood/,7,981,0.71%,31.66
https://couchdisposalplus.com/couch-disposal/ca/berkeley/,7,955,0.73%,35.51
https://couchdisposalplus.com/couch-disposal/wa/bellingham/,7,952,0.74%,17.43
https://couchdisposalplus.com/couch-disposal/nc/huntersville/,7,923,0.76%,29.37
https://couchdisposalplus.com/couch-disposal/tx/baytown/,7,857,0.82%,40.45
https://couchdisposalplus.com/couch-disposal/fl/daytona-beach/,7,828,0.85%,22.55
https://couchdisposalplus.com/couch-disposal/az/peoria/,7,821,0.85%,32.23
https://couchdisposalplus.com/couch-disposal/fl/west-palm-beach/,7,801,0.87%,29.18
https://couchdisposalplus.com/couch-disposal/il/bolingbrook/,7,754,0.93%,41.81
https://couchdisposalplus.com/couch-disposal/md/frederick/,7,727,0.96%,29.58
https://couchdisposalplus.com/couch-disposal/ks/olathe/,7,711,0.98%,28.95
https://couchdisposalplus.com/couch-disposal/tx/forney/,7,708,0.99%,58.01
https://couchdisposalplus.com/couch-disposal/oh/akron/,7,704,0.99%,18.77
https://couchdisposalplus.com/couch-disposal/ky/paducah/,7,693,1.01%,40.92
https://couchdisposalplus.com/appliance-disposal/la/monroe/,7,692,1.01%,29.3
https://couchdisposalplus.com/mattress-disposal/co/castle-rock/,7,682,1.03%,35.33
https://couchdisposalplus.com/couch-disposal/or/salem/,7,669,1.05%,25.16
https://couchdisposalplus.com/couch-disposal/nm/santa-fe/,7,661,1.06%,24.43
https://couchdisposalplus.com/couch-disposal/fl/pembroke-pines/,7,644,1.09%,44.96
https://couchdisposalplus.com/couch-donation-pickup/ny/rockland/,7,642,1.09%,23.86
https://couchdisposalplus.com/couch-disposal/il/des-plaines/,7,641,1.09%,43.83
https://couchdisposalplus.com/couch-disposal/ny/babylon/,7,616,1.14%,30.43
https://couchdisposalplus.com/couch-disposal/ok/broken-arrow/,7,583,1.2%,23.77
https://couchdisposalplus.com/couch-disposal/wi/kenosha/,7,554,1.26%,23.85
https://couchdisposalplus.com/couch-disposal/mi/howell/,7,526,1.33%,48.31
https://couchdisposalplus.com/couch-disposal/ma/taunton/,7,519,1.35%,19.6
https://couchdisposalplus.com/couch-disposal/pa/west-reading/,7,513,1.36%,39.69
https://couchdisposalplus.com/couch-disposal/ct/meriden/,7,511,1.37%,25.93
https://couchdisposalplus.com/couch-disposal/co/windsor/,7,506,1.38%,28.53
https://couchdisposalplus.com/couch-disposal/ks/lenexa/,7,495,1.41%,29.53
https://couchdisposalplus.com/couch-donation-pickup/nv/henderson/,7,481,1.46%,21.84
https://couchdisposalplus.com/couch-disposal/de/new-castle/,7,479,1.46%,17.51
https://couchdisposalplus.com/port-st-lucie-fl/,7,476,1.47%,17.25
https://couchdisposalplus.com/couch-disposal/mn/south-saint-paul/,7,475,1.47%,29.85
https://couchdisposalplus.com/couch-disposal/ri/north-providence/,7,473,1.48%,26.41
https://couchdisposalplus.com/couch-disposal/mn/eden-prairie/,7,471,1.49%,32.92
https://couchdisposalplus.com/couch-disposal/ca/laguna-niguel/,7,463,1.51%,40.86
https://couchdisposalplus.com/couch-disposal/mn/hastings/,7,460,1.52%,33.51
https://couchdisposalplus.com/couch-disposal/ma/woburn/,7,450,1.56%,22.84
https://couchdisposalplus.com/couch-disposal/ky/richmond/,7,444,1.58%,20.49
https://couchdisposalplus.com/couch-disposal/pa/meadville/,7,420,1.67%,53.3
https://couchdisposalplus.com/mattress-disposal/mt/kalispell/,7,417,1.68%,21.6
https://couchdisposalplus.com/couch-disposal/mi/lansing/,7,402,1.74%,28.37
https://couchdisposalplus.com/couch-disposal/oh/north-ridgeville/,7,399,1.75%,46.54
https://couchdisposalplus.com/couch-disposal/fl/st-cloud/,7,398,1.76%,26.15
https://couchdisposalplus.com/couch-disposal/wi/oconomowoc/,7,393,1.78%,32.9
https://couchdisposalplus.com/couch-disposal/il/wheeling/,7,393,1.78%,36.68
https://couchdisposalplus.com/couch-disposal/tn/spring-hill/,7,386,1.81%,28.21
https://couchdisposalplus.com/couch-disposal/ma/fall-river/,7,383,1.83%,14.38
https://couchdisposalplus.com/couch-disposal/nd/bismarck/,7,382,1.83%,26.07
https://couchdisposalplus.com/couch-disposal/oh/canal-winchester/,7,375,1.87%,35.18
https://couchdisposalplus.com/couch-disposal/mn/white-bear-lake/,7,349,2.01%,36.96
https://couchdisposalplus.com/couch-disposal/md/ocean-city/,7,346,2.02%,30.07
https://couchdisposalplus.com/couch-disposal/or/tigard/,7,346,2.02%,35.32
https://couchdisposalplus.com/couch-disposal/ky/nicholasville/,7,339,2.06%,28.65
https://couchdisposalplus.com/couch-disposal/mn/blaine/,7,329,2.13%,24.69
https://couchdisposalplus.com/couch-disposal/or/aloha/,7,328,2.13%,19.35
https://couchdisposalplus.com/couch-disposal/mn/cottage-grove/,7,326,2.15%,29.17
https://couchdisposalplus.com/couch-disposal/ca/san-leandro/,7,324,2.16%,33.92
https://couchdisposalplus.com/mattress-disposal/oh/newark/,7,308,2.27%,18.84
https://couchdisposalplus.com/couch-disposal/ak/fairbanks/,7,307,2.28%,24.09
https://couchdisposalplus.com/paint-disposal/tn/maryville/,7,302,2.32%,38.33
https://couchdisposalplus.com/paint-disposal/ga/conyers/,7,301,2.33%,20.36
https://couchdisposalplus.com/couch-disposal/ma/everett/,7,296,2.36%,22.75
https://couchdisposalplus.com/couch-donation-pickup/mn/rochester/,7,294,2.38%,10.14
https://couchdisposalplus.com/couch-disposal/ga/dawsonville/,7,292,2.4%,21.39
https://couchdisposalplus.com/couch-donation-pickup/tx/killeen/,7,289,2.42%,7.54
https://couchdisposalplus.com/couch-disposal/ny/oswego/,7,284,2.46%,15.7
https://couchdisposalplus.com/couch-disposal/mi/portage/,7,282,2.48%,21.57
https://couchdisposalplus.com/couch-donation-pickup/sc/myrtle-beach/,7,276,2.54%,11.82
https://couchdisposalplus.com/couch-disposal/ne/north-platte/,7,254,2.76%,28.91
https://couchdisposalplus.com/area-rug-disposal/va/arlington/,7,251,2.79%,6.98
https://couchdisposalplus.com/couch-donation-pickup/nc/cary/,7,248,2.82%,11.72
https://couchdisposalplus.com/couch-disposal/tx/seguin/,7,247,2.83%,19.11
https://couchdisposalplus.com/couch-disposal/mn/saint-michael/,7,242,2.89%,22.32
https://couchdisposalplus.com/couch-disposal/ca/pleasanton/,7,241,2.9%,25.8
https://couchdisposalplus.com/couch-disposal/il/lisle/,7,239,2.93%,35.38
https://couchdisposalplus.com/couch-disposal/wi/beaver-dam/,7,231,3.03%,11.57
https://couchdisposalplus.com/couch-donation-pickup/ca/santa-barbara/,7,229,3.06%,11.82
https://couchdisposalplus.com/couch-donation-pickup/mn/monticello/,7,228,3.07%,8.48
https://couchdisposalplus.com/couch-disposal/il/carbondale/,7,222,3.15%,14.11
https://couchdisposalplus.com/couch-donation-pickup/ga/mcdonough/,7,212,3.3%,18.5
https://couchdisposalplus.com/couch-donation-pickup/wi/madison/,7,211,3.32%,13.5
https://couchdisposalplus.com/couch-disposal/oh/streetsboro/,7,206,3.4%,7.18
https://couchdisposalplus.com/appliance-disposal/mi/iron-mountain/,7,185,3.78%,14.05
https://couchdisposalplus.com/couch-disposal/pa/somerset/,7,173,4.05%,16.3
https://couchdisposalplus.com/couch-disposal/ok/lawton/,7,153,4.58%,26.8
https://couchdisposalplus.com/couch-disposal/il/sycamore/,7,127,5.51%,27.22
https://couchdisposalplus.com/couch-disposal/ma/norton/,7,123,5.69%,27.14
https://couchdisposalplus.com/couch-donation-pickup/nj/south-old-bridge/,7,121,5.79%,7.11
https://couchdisposalplus.com/couch-donation-pickup/nj/scotch-plains/,7,110,6.36%,5.69
https://couchdisposalplus.com/couch-donation-pickup/ct/milford/,7,108,6.48%,7.39
https://couchdisposalplus.com/couch-donation-pickup/ny/ossining/,7,97,7.22%,10.94
https://couchdisposalplus.com/paint-disposal/il/peru/,7,80,8.75%,9.11
https://couchdisposalplus.com/couch-disposal/il/streator/,7,56,12.5%,7.32
https://couchdisposalplus.com/couch-disposal/wi/spooner/,7,53,13.21%,6.36
https://couchdisposalplus.com/donation-pickup/couch/carlisle-pa/,7,51,13.73%,15.92
https://couchdisposalplus.com/couch-disposal/pa/bensalem/,6,14762,0.04%,54.69
https://couchdisposalplus.com/couch-disposal/va/virginia-beach/,6,3307,0.18%,56.82
https://couchdisposalplus.com/couch-disposal/tn/oak-ridge/,6,2597,0.23%,32.27
https://couchdisposalplus.com/couch-disposal/ct/bristol/,6,2458,0.24%,61.38
https://couchdisposalplus.com/appliance-disposal/oh/new-philadelphia/,6,2174,0.28%,56.22
https://couchdisposalplus.com/furniture-disposal/oh/beavercreek/,6,1670,0.36%,26.56
https://couchdisposalplus.com/couch-disposal/il/waukegan/,6,1617,0.37%,49.05
https://couchdisposalplus.com/couch-disposal/ok/edmond/,6,1532,0.39%,30.82
https://couchdisposalplus.com/couch-disposal/ny/the-bronx/,6,1421,0.42%,44.92
https://couchdisposalplus.com/couch-disposal/ia/des-moines/,6,1305,0.46%,27.24
https://couchdisposalplus.com/couch-disposal/hi/maui/,6,1265,0.47%,14.93
https://couchdisposalplus.com/couch-disposal/de/wilmington/,6,1191,0.5%,35.4
https://couchdisposalplus.com/couch-disposal/ca/visalia/,6,1190,0.5%,25.5
https://couchdisposalplus.com/couch-disposal/oh/toledo/,6,1170,0.51%,22.72
https://couchdisposalplus.com/couch-disposal/ga/johns-creek/,6,1085,0.55%,55.23
https://couchdisposalplus.com/couch-disposal/md/catonsville/,6,1013,0.59%,32.82
https://couchdisposalplus.com/couch-disposal/ct/new-haven/,6,981,0.61%,33.83
https://couchdisposalplus.com/couch-disposal/al/mobile/,6,976,0.61%,28.11
https://couchdisposalplus.com/couch-disposal/de/dover/,6,976,0.61%,46.02
https://couchdisposalplus.com/couch-disposal/ga/east-cobb/,6,922,0.65%,32.27
https://couchdisposalplus.com/couch-donation-pickup/co/colorado-springs/,6,889,0.67%,36.39
https://couchdisposalplus.com/couch-disposal/md/bel-air/,6,792,0.76%,44.47
https://couchdisposalplus.com/edison-nj/,6,770,0.78%,33.77
https://couchdisposalplus.com/bedding-linen-disposal/pa/doylestown/,6,753,0.8%,51.93
https://couchdisposalplus.com/couch-disposal/oh/lorain/,6,732,0.82%,34.09
https://couchdisposalplus.com/mattress-disposal/wa/bellingham/,6,690,0.87%,20.59
https://couchdisposalplus.com/couch-disposal/in/valparaiso/,6,674,0.89%,28.68
https://couchdisposalplus.com/mattress-disposal/wi/muskego/,6,674,0.89%,55.5
https://couchdisposalplus.com/treadmill-disposal/va/richmond/,6,664,0.9%,13.5
https://couchdisposalplus.com/couch-donation-pickup/nj/jersey-city/,6,647,0.93%,21.1
https://couchdisposalplus.com/couch-disposal/fl/the-villages/,6,628,0.96%,36.22
https://couchdisposalplus.com/couch-disposal/or/hillsboro/,6,616,0.97%,23.72
https://couchdisposalplus.com/appliance-disposal/co/grand-junction/,6,610,0.98%,28.5
https://couchdisposalplus.com/couch-disposal/oh/massillon/,6,605,0.99%,31.58
https://couchdisposalplus.com/couch-disposal/tx/mcallen/,6,582,1.03%,41.58
https://couchdisposalplus.com/couch-disposal/nm/las-cruces/,6,580,1.03%,27.62
https://couchdisposalplus.com/couch-disposal/tx/richardson/,6,578,1.04%,53.72
https://couchdisposalplus.com/couch-disposal/ne/bellevue/,6,567,1.06%,40.26
https://couchdisposalplus.com/couch-disposal/mo/blue-springs/,6,561,1.07%,35.89
https://couchdisposalplus.com/mattress-disposal/tx/odessa/,6,543,1.1%,30.1
https://couchdisposalplus.com/couch-disposal/fl/zephyrhills/,6,535,1.12%,37.71
https://couchdisposalplus.com/couch-disposal/fl/jupiter/,6,534,1.12%,49.03
https://couchdisposalplus.com/couch-disposal/tx/midland/,6,527,1.14%,31.79
https://couchdisposalplus.com/couch-disposal/oh/ashtabula/,6,526,1.14%,35.03
https://couchdisposalplus.com/mattress-disposal/wi/new-berlin/,6,524,1.15%,26.93
https://couchdisposalplus.com/couch-disposal/va/roanoke/,6,511,1.17%,44.24
https://couchdisposalplus.com/couch-disposal/ca/san-bernardino/,6,507,1.18%,21.47
https://couchdisposalplus.com/couch-disposal/ny/ithaca/,6,497,1.21%,30.97
https://couchdisposalplus.com/couch-disposal/tx/bedford/,6,483,1.24%,44.93
https://couchdisposalplus.com/donation-pickup/couch/fresno-ca/,6,472,1.27%,28.26
https://couchdisposalplus.com/sandy-springs-ga/,6,464,1.29%,53.96
https://couchdisposalplus.com/couch-disposal/ct/shelton/,6,455,1.32%,36.16
https://couchdisposalplus.com/couch-disposal/fl/hallandale-beach/,6,454,1.32%,46.58
https://couchdisposalplus.com/couch-disposal/nd/grand-forks/,6,450,1.33%,41.52
https://couchdisposalplus.com/mattress-disposal/tx/magnolia/,6,445,1.35%,37.51
https://couchdisposalplus.com/couch-disposal/mn/chaska/,6,444,1.35%,32.09
https://couchdisposalplus.com/couch-disposal/wi/appleton/,6,442,1.36%,15.79
https://couchdisposalplus.com/couch-disposal/mn/burnsville/,6,431,1.39%,39.05
https://couchdisposalplus.com/couch-disposal/fl/altamonte-springs/,6,429,1.4%,35.49
https://couchdisposalplus.com/couch-disposal/id/twin-falls/,6,427,1.41%,43.19
https://couchdisposalplus.com/couch-disposal/mi/rochester-hills/,6,425,1.41%,40.1
https://couchdisposalplus.com/couch-disposal/pa/hazleton/,6,423,1.42%,32.79
https://couchdisposalplus.com/couch-disposal/ma/plymouth/,6,413,1.45%,21.65
https://couchdisposalplus.com/couch-disposal/wa/mount-vernon/,6,411,1.46%,23.74
https://couchdisposalplus.com/couch-disposal/ga/columbus/,6,411,1.46%,27.36
https://couchdisposalplus.com/couch-disposal/wi/la-crosse/,6,410,1.46%,27.08
https://couchdisposalplus.com/paint-disposal/ma/pittsfield/,6,397,1.51%,33.83
https://couchdisposalplus.com/couch-disposal/ny/cortland/,6,384,1.56%,36.48
https://couchdisposalplus.com/couch-disposal/id/nampa/,6,378,1.59%,26.38
https://couchdisposalplus.com/couch-disposal/fl/st-johns/,6,376,1.6%,9.95
https://couchdisposalplus.com/couch-donation-pickup/ga/douglasville/,6,365,1.64%,16.87
https://couchdisposalplus.com/couch-disposal/la/west-monroe/,6,362,1.66%,50.15
https://couchdisposalplus.com/mattress-disposal/nc/franklinton/,6,360,1.67%,24.44
https://couchdisposalplus.com/couch-disposal/tn/johnson-city/,6,358,1.68%,11.58
https://couchdisposalplus.com/couch-disposal/fl/plantation/,6,350,1.71%,37.17
https://couchdisposalplus.com/bedding-linen-disposal/mn/minneapolis/,6,347,1.73%,32.34
https://couchdisposalplus.com/couch-disposal/in/westfield/,6,345,1.74%,41.31
https://couchdisposalplus.com/mattress-disposal/pa/bethlehem/,6,334,1.8%,17.5
https://couchdisposalplus.com/couch-disposal/pa/greensburg/,6,329,1.82%,23.98
https://couchdisposalplus.com/couch-disposal/oh/new-philadelphia/,6,325,1.85%,31.13
https://couchdisposalplus.com/couch-disposal/ca/yucaipa/,6,324,1.85%,48.11
https://couchdisposalplus.com/couch-disposal/az/prescott-valley/,6,310,1.94%,37
https://couchdisposalplus.com/couch-disposal/tx/amarillo/,6,294,2.04%,16.64
https://couchdisposalplus.com/furniture-disposal/nc/kinston/,6,292,2.05%,32.32
https://couchdisposalplus.com/couch-disposal/oh/lancaster/,6,287,2.09%,18.76
https://couchdisposalplus.com/couch-disposal/ny/batavia/,6,286,2.1%,22.22
https://couchdisposalplus.com/couch-disposal/fl/key-west/,6,245,2.45%,16.82
https://couchdisposalplus.com/couch-disposal/tx/hurst/,6,245,2.45%,43.99
https://couchdisposalplus.com/couch-disposal/ma/bridgewater/,6,241,2.49%,23
https://couchdisposalplus.com/couch-disposal/mi/hudsonville/,6,229,2.62%,13.72
https://couchdisposalplus.com/couch-disposal/al/phenix-city/,6,220,2.73%,16.73
https://couchdisposalplus.com/couch-disposal/wa/moses-lake/,6,216,2.78%,16.92
https://couchdisposalplus.com/couch-donation-pickup/nj/west-deptford-township/,6,212,2.83%,10.46
https://couchdisposalplus.com/couch-disposal/ct/vernon/,6,207,2.9%,17.49
https://couchdisposalplus.com/couch-disposal/ca/upland/,6,207,2.9%,34.8
https://couchdisposalplus.com/couch-donation-pickup/ca/clovis/,6,205,2.93%,8.59
https://couchdisposalplus.com/couch-donation-pickup/wa/tri-cities/,6,204,2.94%,9.41
https://couchdisposalplus.com/couch-disposal/ms/starkville/,6,203,2.96%,34.68
https://couchdisposalplus.com/couch-donation-pickup/ga/villa-rica/,6,198,3.03%,9.94
https://couchdisposalplus.com/couch-donation-pickup/wa/bellingham/,6,194,3.09%,9
https://couchdisposalplus.com/couch-donation-pickup/ca/rialto/,6,194,3.09%,9.87
https://couchdisposalplus.com/couch-disposal/wi/grafton/,6,194,3.09%,10.06
https://couchdisposalplus.com/recliner-disposal/mo/st-louis/,6,192,3.12%,12.97
https://couchdisposalplus.com/couch-donation-pickup/ca/turlock/,6,191,3.14%,7.55
https://couchdisposalplus.com/couch-donation-pickup/pa/hanover/,6,191,3.14%,9.95
https://couchdisposalplus.com/couch-disposal/ga/lagrange/,6,189,3.17%,21.39
https://couchdisposalplus.com/couch-disposal/ca/rialto/,6,187,3.21%,38.71
https://couchdisposalplus.com/couch-disposal/il/marion/,6,181,3.31%,9.33
https://couchdisposalplus.com/couch-donation-pickup/co/parker/,6,176,3.41%,6.28
https://couchdisposalplus.com/couch-donation-pickup/ma/lowell/,6,176,3.41%,9.14
https://couchdisposalplus.com/couch-donation-pickup/ct/torrington/,6,175,3.43%,7.74
https://couchdisposalplus.com/couch-donation-pickup/ct/west-hartford/,6,174,3.45%,7.71
https://couchdisposalplus.com/paint-disposal/tn/gallatin/,6,172,3.49%,12.09
https://couchdisposalplus.com/couch-disposal/il/mundelein/,6,170,3.53%,19.65
https://couchdisposalplus.com/couch-disposal/ut/north-logan/,6,164,3.66%,22.37
https://couchdisposalplus.com/couch-disposal/ca/lodi/,6,162,3.7%,10.73
https://couchdisposalplus.com/couch-disposal/wi/hartford/,6,162,3.7%,13.13
https://couchdisposalplus.com/couch-disposal/ma/saugus/,6,158,3.8%,11.27
https://couchdisposalplus.com/couch-disposal/in/newburgh/,6,150,4%,20.46
https://couchdisposalplus.com/couch-disposal/mi/brighton/,6,147,4.08%,10.72
https://couchdisposalplus.com/couch-disposal/ar/van-buren/,6,147,4.08%,24.61
https://couchdisposalplus.com/couch-donation-pickup/il/kankakee/,6,146,4.11%,8.31
https://couchdisposalplus.com/couch-donation-pickup/nj/bayonne/,6,144,4.17%,8.69
https://couchdisposalplus.com/couch-donation-pickup/nj/sussex/,6,144,4.17%,15.35
https://couchdisposalplus.com/couch-disposal/in/anderson/,6,142,4.23%,14.65
https://couchdisposalplus.com/couch-donation-pickup/nj/willingboro/,6,136,4.41%,8.21
https://couchdisposalplus.com/couch-donation-pickup/wa/marysville/,6,135,4.44%,19.72
https://couchdisposalplus.com/couch-donation-pickup/ky/lexington-fayette/,6,134,4.48%,7.76
https://couchdisposalplus.com/mattress-disposal/ia/decorah/,6,120,5%,7.44
https://couchdisposalplus.com/couch-disposal/mi/hillsdale/,6,115,5.22%,5.91
https://couchdisposalplus.com/couch-donation-pickup/mn/chaska/,6,115,5.22%,7.46
https://couchdisposalplus.com/couch-donation-pickup/md/laurel/,6,107,5.61%,18.03
https://couchdisposalplus.com/couch-donation-pickup/ma/amherst/,6,95,6.32%,8.37
https://couchdisposalplus.com/couch-disposal/pa/south-connellsville/,6,93,6.45%,6.66
https://couchdisposalplus.com/couch-disposal/mn/rogers/,6,92,6.52%,8.7
https://couchdisposalplus.com/couch-disposal/il/effingham/,6,89,6.74%,10.47
https://couchdisposalplus.com/donation-pickup/couch/tri-cities-wa/,6,79,7.59%,14.92
https://couchdisposalplus.com/couch-disposal/ny/halfmoon/,6,71,8.45%,16.55
https://couchdisposalplus.com/couch-disposal/ia/decorah/,6,54,11.11%,4.72
https://couchdisposalplus.com/paint-disposal/mo/troy/,6,45,13.33%,9.62
https://couchdisposalplus.com/furniture-disposal/ny/warsaw/,6,31,19.35%,10.03
https://couchdisposalplus.com/couch-disposal/pa/levittown/,5,5437,0.09%,48.41
https://couchdisposalplus.com/couch-disposal/ca/san-francisco/,5,4828,0.1%,35.2
https://couchdisposalplus.com/mattress-disposal/in/fort-wayne/,5,4626,0.11%,62.43
https://couchdisposalplus.com/couch-disposal/ks/kansas-city/,5,3756,0.13%,72.26
https://couchdisposalplus.com/couch-disposal/tn/maryville/,5,3258,0.15%,40.48
https://couchdisposalplus.com/couch-disposal/tx/dallas/,5,2836,0.18%,26.73
https://couchdisposalplus.com/couch-disposal/ma/worcester/,5,2588,0.19%,18.64
https://couchdisposalplus.com/couch-disposal/co/lafayette/,5,2550,0.2%,27.95
https://couchdisposalplus.com/couch-disposal/fl/sarasota/,5,2129,0.23%,48.78
https://couchdisposalplus.com/couch-disposal/ri/pawtucket/,5,2052,0.24%,46.57
https://couchdisposalplus.com/couch-disposal/ca/sunnyvale/,5,1605,0.31%,34.53
https://couchdisposalplus.com/couch-disposal/fl/clearwater/,5,1594,0.31%,20.45
https://couchdisposalplus.com/couch-disposal/nv/north-las-vegas/,5,1558,0.32%,48.33
https://couchdisposalplus.com/couch-disposal/ma/cambridge/,5,1539,0.32%,19.69
https://couchdisposalplus.com/couch-disposal/pa/lansdale/,5,1431,0.35%,44.48
https://couchdisposalplus.com/couch-disposal/ca/costa-mesa/,5,1348,0.37%,47.12
https://couchdisposalplus.com/couch-disposal/ok/ponca-city/,5,1205,0.41%,60.35
https://couchdisposalplus.com/couch-disposal/ri/woonsocket/,5,1180,0.42%,55.27
https://couchdisposalplus.com/couch-disposal/tn/franklin/,5,1078,0.46%,20.09
https://couchdisposalplus.com/mattress-disposal/wi/madison/,5,1055,0.47%,15.45
https://couchdisposalplus.com/couch-disposal/ms/pearl/,5,999,0.5%,50.57
https://couchdisposalplus.com/mattress-disposal/wi/west-allis/,5,939,0.53%,41.16
https://couchdisposalplus.com/couch-donation-pickup/pa/upper-darby/,5,889,0.56%,59.54
https://couchdisposalplus.com/couch-disposal/fl/panama-city/,5,879,0.57%,24.81
https://couchdisposalplus.com/couch-disposal/nc/hendersonville/,5,841,0.59%,46.96
https://couchdisposalplus.com/couch-disposal/tx/midlothian/,5,828,0.6%,56.65
https://couchdisposalplus.com/couch-disposal/tx/the-colony/,5,807,0.62%,28.5
https://couchdisposalplus.com/furniture-disposal/al/gadsden/,5,799,0.63%,47.84
https://couchdisposalplus.com/couch-disposal/mo/lake-saint-louis/,5,788,0.63%,53.74
https://couchdisposalplus.com/blog/home-cleaning/moldy-couch-removal-tips-when-to-replace/,5,747,0.67%,12.7
https://couchdisposalplus.com/couch-disposal/ga/mcdonough/,5,730,0.68%,37.05
https://couchdisposalplus.com/couch-disposal/il/palatine/,5,685,0.73%,41.62
https://couchdisposalplus.com/couch-donation-pickup/co/aurora/,5,661,0.76%,28.44
https://couchdisposalplus.com/couch-disposal/ut/orem/,5,660,0.76%,35.77
https://couchdisposalplus.com/couch-disposal/mn/champlin/,5,643,0.78%,50.86
https://couchdisposalplus.com/couch-disposal/fl/port-charlotte/,5,628,0.8%,44.51
https://couchdisposalplus.com/couch-disposal/wa/east-bremerton/,5,624,0.8%,29.54
https://couchdisposalplus.com/mattress-disposal/ma/lynn/,5,621,0.81%,18.51
https://couchdisposalplus.com/couch-disposal/co/englewood/,5,610,0.82%,57.94
https://couchdisposalplus.com/couch-disposal/mi/farmington-hills/,5,609,0.82%,50.16
https://couchdisposalplus.com/couch-disposal/oh/pickerington/,5,603,0.83%,58.25
https://couchdisposalplus.com/couch-disposal/in/new-albany/,5,598,0.84%,27.48
https://couchdisposalplus.com/couch-disposal/mi/macomb/,5,592,0.84%,25.33
https://couchdisposalplus.com/couch-disposal/ar/fayetteville/,5,583,0.86%,24.76
https://couchdisposalplus.com/couch-disposal/il/arlington-heights/,5,574,0.87%,41.94
https://couchdisposalplus.com/paint-disposal/ga/canton/,5,573,0.87%,11.88
https://couchdisposalplus.com/couch-disposal/oh/coshocton/,5,541,0.92%,45.5
https://couchdisposalplus.com/couch-disposal/ar/cabot/,5,541,0.92%,46.28
https://couchdisposalplus.com/couch-disposal/fl/melbourne/,5,539,0.93%,26.94
https://couchdisposalplus.com/couch-disposal/fl/clermont/,5,530,0.94%,35.72
https://couchdisposalplus.com/couch-disposal/ma/quincy/,5,512,0.98%,18.33
https://couchdisposalplus.com/couch-disposal/wi/green-bay/,5,509,0.98%,16.5
https://couchdisposalplus.com/couch-disposal/al/anniston/,5,509,0.98%,57.15
https://couchdisposalplus.com/couch-disposal/ma/medford/,5,500,1%,20.39
https://couchdisposalplus.com/couch-disposal/co/canon-city/,5,489,1.02%,52.91
https://couchdisposalplus.com/mattress-disposal/wa/yakima/,5,477,1.05%,17.8
https://couchdisposalplus.com/couch-disposal/la/prairieville/,5,472,1.06%,31
https://couchdisposalplus.com/furniture-disposal/wi/appleton/,5,469,1.07%,37.02
https://couchdisposalplus.com/couch-disposal/tx/flower-mound/,5,468,1.07%,45.9
https://couchdisposalplus.com/couch-disposal/fl/deerfield-beach/,5,466,1.07%,64.48
https://couchdisposalplus.com/couch-disposal/nc/clemmons/,5,462,1.08%,50.7
https://couchdisposalplus.com/mattress-disposal/mo/st-charles/,5,458,1.09%,20.91
https://couchdisposalplus.com/couch-disposal/oh/strongsville/,5,451,1.11%,48.12
https://couchdisposalplus.com/mattress-disposal/mn/brainerd/,5,450,1.11%,20.46
https://couchdisposalplus.com/couch-disposal/co/golden/,5,449,1.11%,44.42
https://couchdisposalplus.com/couch-disposal/il/maywood/,5,445,1.12%,38.86
https://couchdisposalplus.com/mattress-disposal/ca/el-dorado-hills/,5,444,1.13%,28.86
https://couchdisposalplus.com/couch-disposal/fl/mount-dora/,5,444,1.13%,46.15
https://couchdisposalplus.com/couch-disposal/wy/laramie/,5,442,1.13%,18.5
https://couchdisposalplus.com/couch-disposal/ky/crestwood/,5,440,1.14%,21.95
https://couchdisposalplus.com/couch-disposal/nh/manchester/,5,440,1.14%,29.45
https://couchdisposalplus.com/couch-disposal/pa/emmaus/,5,436,1.15%,33.93
https://couchdisposalplus.com/couch-disposal/ks/shawnee/,5,435,1.15%,37.85
https://couchdisposalplus.com/couch-disposal/wi/janesville/,5,432,1.16%,20.39
https://couchdisposalplus.com/couch-disposal/al/hoover/,5,432,1.16%,36.81
https://couchdisposalplus.com/appliance-disposal/la/shreveport/,5,427,1.17%,25.47
https://couchdisposalplus.com/couch-disposal/nm/farmington/,5,419,1.19%,27.37
https://couchdisposalplus.com/couch-disposal/ca/fairfield/,5,405,1.23%,21.8
https://couchdisposalplus.com/paint-disposal/ky/louisville/,5,404,1.24%,13.81
https://couchdisposalplus.com/paint-disposal/ne/lincoln/,5,403,1.24%,21.43
https://couchdisposalplus.com/couch-disposal/il/glen-ellyn/,5,401,1.25%,29.48
https://couchdisposalplus.com/donation-pickup/couch/manassas-va/,5,398,1.26%,43.73
https://couchdisposalplus.com/couch-disposal/mn/apple-valley/,5,387,1.29%,40.21
https://couchdisposalplus.com/couch-disposal/me/portland/,5,385,1.3%,46.22
https://couchdisposalplus.com/couch-disposal/ca/rocklin/,5,377,1.33%,43.63
https://couchdisposalplus.com/mattress-disposal/sc/aiken/,5,367,1.36%,37.96
https://couchdisposalplus.com/couch-disposal/mo/jefferson-city/,5,366,1.37%,19.74
https://couchdisposalplus.com/couch-disposal/in/shelbyville/,5,366,1.37%,38.64
https://couchdisposalplus.com/couch-disposal/oh/hamilton/,5,363,1.38%,18.51
https://couchdisposalplus.com/furniture-disposal/fl/clearwater/,5,362,1.38%,20.48
https://couchdisposalplus.com/appliance-disposal/fl/inverness/,5,356,1.4%,25.21
https://couchdisposalplus.com/couch-disposal/oh/xenia/,5,352,1.42%,30.24
https://couchdisposalplus.com/mcdonough-ga/,5,346,1.45%,32.55
https://couchdisposalplus.com/couch-disposal/wa/lakewood/,5,341,1.47%,28.66
https://couchdisposalplus.com/couch-disposal/az/apache-junction/,5,331,1.51%,32.41
https://couchdisposalplus.com/couch-disposal/ma/falmouth/,5,330,1.52%,32.54
https://couchdisposalplus.com/couch-disposal/fl/coral-springs/,5,327,1.53%,32.23
https://couchdisposalplus.com/couch-disposal/az/yuma/,5,326,1.53%,30.4
https://couchdisposalplus.com/couch-disposal/mn/richfield/,5,325,1.54%,22.72
https://couchdisposalplus.com/couch-disposal/wi/weston/,5,324,1.54%,51.29
https://couchdisposalplus.com/couch-disposal/me/lewiston/,5,322,1.55%,43.49
https://couchdisposalplus.com/couch-disposal/oh/wooster/,5,320,1.56%,22.22
https://couchdisposalplus.com/couch-disposal/tx/temple/,5,319,1.57%,23.79
https://couchdisposalplus.com/couch-disposal/in/la-porte/,5,319,1.57%,34.18
https://couchdisposalplus.com/couch-disposal/id/rexburg/,5,318,1.57%,25.4
https://couchdisposalplus.com/mattress-disposal/ma/amherst/,5,313,1.6%,27.61
https://couchdisposalplus.com/couch-disposal/il/crystal-lake/,5,311,1.61%,15.7
https://couchdisposalplus.com/couch-disposal/ky/owensboro/,5,311,1.61%,19.23
https://couchdisposalplus.com/couch-disposal/ny/utica/,5,310,1.61%,18.92
https://couchdisposalplus.com/couch-disposal/in/avon/,5,303,1.65%,29.07
https://couchdisposalplus.com/couch-disposal/nm/clovis/,5,300,1.67%,35.62
https://couchdisposalplus.com/couch-disposal/ri/coventry/,5,299,1.67%,18.79
https://couchdisposalplus.com/couch-disposal/mo/florissant/,5,298,1.68%,31.8
https://couchdisposalplus.com/couch-disposal/fl/margate/,5,296,1.69%,45.4
https://couchdisposalplus.com/couch-donation-pickup/ca/san-ramon/,5,294,1.7%,12.75
https://couchdisposalplus.com/couch-donation-pickup/fl/st-augustine/,5,288,1.74%,20.05
https://couchdisposalplus.com/mattress-disposal/pa/shaler-township/,5,288,1.74%,28.91
https://couchdisposalplus.com/couch-disposal/ca/monterey/,5,281,1.78%,36.16
https://couchdisposalplus.com/couch-disposal/pa/mechanicsburg/,5,279,1.79%,10.44
https://couchdisposalplus.com/couch-donation-pickup/tx/new-braunfels/,5,277,1.81%,18.87
https://couchdisposalplus.com/couch-disposal/ks/junction-city/,5,276,1.81%,16.71
https://couchdisposalplus.com/couch-disposal/ga/rome/,5,274,1.82%,17.01
https://couchdisposalplus.com/couch-disposal/pa/hershey/,5,273,1.83%,13.7
https://couchdisposalplus.com/couch-disposal/ne/columbus/,5,272,1.84%,33.2
https://couchdisposalplus.com/couch-disposal/az/prescott/,5,272,1.84%,36.13
https://couchdisposalplus.com/couch-donation-pickup/sc/summerville/,5,270,1.85%,10.17
https://couchdisposalplus.com/couch-disposal/fl/port-richey/,5,265,1.89%,25.59
https://couchdisposalplus.com/couch-disposal/ny/clay/,5,264,1.89%,22.92
https://couchdisposalplus.com/couch-disposal/tx/rosenberg/,5,259,1.93%,29.07
https://couchdisposalplus.com/couch-disposal/oh/sandusky/,5,257,1.95%,17.92
https://couchdisposalplus.com/couch-disposal/ca/ontario/,5,252,1.98%,16.08
https://couchdisposalplus.com/couch-disposal/ca/whittier/,5,248,2.02%,22.89
https://couchdisposalplus.com/couch-disposal/ny/newburgh/,5,238,2.1%,21.97
https://couchdisposalplus.com/couch-disposal/fl/ormond-beach/,5,238,2.1%,25.69
https://couchdisposalplus.com/couch-disposal/or/corvallis/,5,237,2.11%,21.34
https://couchdisposalplus.com/couch-disposal/fl/titusville/,5,235,2.13%,26.97
https://couchdisposalplus.com/couch-donation-pickup/pa/altoona/,5,233,2.15%,8.61
https://couchdisposalplus.com/couch-disposal/pa/williamsport/,5,233,2.15%,15.24
https://couchdisposalplus.com/paint-disposal/va/winchester/,5,233,2.15%,37.35
https://couchdisposalplus.com/paint-disposal/ky/bardstown/,5,233,2.15%,38.07
https://couchdisposalplus.com/mattress-disposal/pa/indiana/,5,232,2.16%,14.87
https://couchdisposalplus.com/couch-donation-pickup/ca/redlands/,5,230,2.17%,8.77
https://couchdisposalplus.com/couch-disposal/il/plainfield/,5,230,2.17%,9.73
https://couchdisposalplus.com/couch-disposal/oh/cortland/,5,229,2.18%,53.62
https://couchdisposalplus.com/couch-disposal/ar/harrison/,5,228,2.19%,18.16
https://couchdisposalplus.com/couch-disposal/oh/lima/,5,228,2.19%,24.06
https://couchdisposalplus.com/couch-disposal/oh/port-clinton/,5,226,2.21%,33.06
https://couchdisposalplus.com/couch-disposal/wa/west-longview/,5,224,2.23%,27.61
https://couchdisposalplus.com/couch-donation-pickup/nj/clifton/,5,220,2.27%,7.66
https://couchdisposalplus.com/couch-donation-pickup/ca/riverside/,5,219,2.28%,11.47
https://couchdisposalplus.com/paint-disposal/nh/stratham/,5,219,2.28%,26.7
https://couchdisposalplus.com/couch-disposal/al/opelika/,5,215,2.33%,20.06
https://couchdisposalplus.com/couch-disposal/pa/mount-lebanon/,5,215,2.33%,20.36
https://couchdisposalplus.com/couch-disposal/wi/pewaukee/,5,209,2.39%,13.89
https://couchdisposalplus.com/couch-donation-pickup/wa/everett/,5,209,2.39%,14.58
https://couchdisposalplus.com/furniture-disposal/ny/monticello/,5,206,2.43%,12.59
https://couchdisposalplus.com/couch-disposal/il/kankakee/,5,206,2.43%,18.54
https://couchdisposalplus.com/mattress-disposal/ma/franklin/,5,205,2.44%,29.55
https://couchdisposalplus.com/couch-donation-pickup/pa/easton/,5,201,2.49%,15.38
https://couchdisposalplus.com/couch-disposal/pa/irwin/,5,201,2.49%,18.89
https://couchdisposalplus.com/mattress-disposal/in/newburgh/,5,196,2.55%,11.95
https://couchdisposalplus.com/couch-disposal/pa/clearfield/,5,196,2.55%,12.39
https://couchdisposalplus.com/couch-donation-pickup/nj/linden/,5,194,2.58%,8.7
https://couchdisposalplus.com/couch-disposal/nc/lexington/,5,194,2.58%,25.26
https://couchdisposalplus.com/senior-downsizing/pa/pennsburg/,5,194,2.58%,25.56
https://couchdisposalplus.com/couch-disposal/oh/reynoldsburg/,5,194,2.58%,26.22
https://couchdisposalplus.com/couch-donation-pickup/pa/pottstown/,5,192,2.6%,33.28
https://couchdisposalplus.com/furniture-disposal/nc/randleman/,5,178,2.81%,39.46
https://couchdisposalplus.com/couch-donation-pickup/fl/gainesville/,5,171,2.92%,19.26
https://couchdisposalplus.com/bedding-linen-disposal/mo/kirkwood/,5,169,2.96%,59.68
https://couchdisposalplus.com/couch-disposal/wi/river-falls/,5,168,2.98%,9.64
https://couchdisposalplus.com/couch-donation-pickup/nj/point-pleasant-beach/,5,168,2.98%,28.9
https://couchdisposalplus.com/couch-disposal/pa/chambersburg/,5,165,3.03%,13.52
https://couchdisposalplus.com/couch-disposal/ca/sonoma/,5,162,3.09%,17.3
https://couchdisposalplus.com/couch-donation-pickup/mi/macomb/,5,161,3.11%,5.98
https://couchdisposalplus.com/couch-disposal/tx/weatherford/,5,159,3.14%,15.42
https://couchdisposalplus.com/furniture-disposal/ky/london/,5,157,3.18%,24.66
https://couchdisposalplus.com/couch-disposal/ca/claremont/,5,155,3.23%,15.34
https://couchdisposalplus.com/couch-donation-pickup/nc/clayton/,5,154,3.25%,9.13
https://couchdisposalplus.com/couch-disposal/mn/robbinsdale/,5,154,3.25%,19.23
https://couchdisposalplus.com/couch-disposal/ca/marina/,5,153,3.27%,13.12
https://couchdisposalplus.com/couch-disposal/mi/coldwater/,5,151,3.31%,12.19
https://couchdisposalplus.com/couch-disposal/fl/winter-springs/,5,150,3.33%,19.25
https://couchdisposalplus.com/appliance-disposal/or/klamath-falls/,5,148,3.38%,8.66
https://couchdisposalplus.com/couch-disposal/mo/washington/,5,148,3.38%,31.95
https://couchdisposalplus.com/senior-downsizing/md/frederick/,5,147,3.4%,19.08
https://couchdisposalplus.com/couch-donation-pickup/nj/teaneck/,5,144,3.47%,10.1
https://couchdisposalplus.com/couch-disposal/ga/calhoun/,5,144,3.47%,16.15
https://couchdisposalplus.com/couch-disposal/nv/mesquite/,5,143,3.5%,24.58
https://couchdisposalplus.com/couch-donation-pickup/ky/richmond/,5,138,3.62%,7.65
https://couchdisposalplus.com/couch-disposal/il/granite-city/,5,136,3.68%,12.14
https://couchdisposalplus.com/couch-disposal/wi/reedsburg/,5,136,3.68%,12.15
https://couchdisposalplus.com/couch-donation-pickup/ny/jamestown/,5,135,3.7%,10.09
https://couchdisposalplus.com/mattress-disposal/ga/milledgeville/,5,135,3.7%,11.14
https://couchdisposalplus.com/donation-pickup/couch/eugene-or/,5,135,3.7%,19.16
https://couchdisposalplus.com/couch-disposal/mi/owosso/,5,133,3.76%,8.68
https://couchdisposalplus.com/couch-donation-pickup/ga/brunswick/,5,133,3.76%,9.08
https://couchdisposalplus.com/donation-pickup/couch/hemet-ca/,5,133,3.76%,16.13
https://couchdisposalplus.com/mattress-disposal/tx/alamo/,5,131,3.82%,20.69
https://couchdisposalplus.com/couch-disposal/md/elkridge/,5,130,3.85%,8.32
https://couchdisposalplus.com/couch-disposal/oh/martins-ferry/,5,129,3.88%,16.69
https://couchdisposalplus.com/couch-disposal/mo/poplar-bluff/,5,123,4.07%,19.92
https://couchdisposalplus.com/couch-donation-pickup/nj/manalapan/,5,122,4.1%,16.47
https://couchdisposalplus.com/couch-disposal/ct/southington/,5,119,4.2%,14.38
https://couchdisposalplus.com/couch-disposal/ok/mcalester/,5,117,4.27%,22.59
https://couchdisposalplus.com/furniture-disposal/mn/saint-peter/,5,117,4.27%,25.59
https://couchdisposalplus.com/couch-donation-pickup/or/corvallis/,5,116,4.31%,11.07
https://couchdisposalplus.com/couch-disposal/il/ofallon/,5,113,4.42%,13.06
https://couchdisposalplus.com/couch-donation-pickup/ga/braselton/,5,112,4.46%,8.54
https://couchdisposalplus.com/couch-disposal/il/romeoville/,5,111,4.5%,9.96
https://couchdisposalplus.com/donation-pickup/couch/ashtabula-oh/,5,110,4.55%,10.37
https://couchdisposalplus.com/couch-donation-pickup/az/casa-grande/,5,108,4.63%,8.15
https://couchdisposalplus.com/couch-donation-pickup/al/tuscaloosa/,5,108,4.63%,9.51
https://couchdisposalplus.com/couch-disposal/mn/hugo/,5,105,4.76%,6.83
https://couchdisposalplus.com/couch-disposal/in/danville/,5,105,4.76%,17.93
https://couchdisposalplus.com/couch-disposal/ny/cicero/,5,101,4.95%,18.68
https://couchdisposalplus.com/couch-disposal/ok/enid/,5,100,5%,14.66
https://couchdisposalplus.com/hospital-bed-disposal/az/phoenix/,5,98,5.1%,16.22
https://couchdisposalplus.com/couch-disposal/mi/fenton/,5,98,5.1%,16.66
https://couchdisposalplus.com/couch-disposal/pa/danville/,5,97,5.15%,9.11
https://couchdisposalplus.com/appliance-disposal/va/abingdon/,5,96,5.21%,29.25
https://couchdisposalplus.com/couch-disposal/ma/grafton/,5,94,5.32%,12.33
https://couchdisposalplus.com/couch-disposal/mo/hillsboro/,5,93,5.38%,12
https://couchdisposalplus.com/couch-donation-pickup/nj/new-providence/,5,91,5.49%,22.76
https://couchdisposalplus.com/couch-disposal/pa/ellwood-city/,5,89,5.62%,12.79
https://couchdisposalplus.com/couch-donation-pickup/mn/anoka/,5,88,5.68%,7.6
https://couchdisposalplus.com/couch-disposal/mo/farmington/,5,86,5.81%,14.97
https://couchdisposalplus.com/couch-disposal/co/estes-park/,5,84,5.95%,13.52
https://couchdisposalplus.com/couch-donation-pickup/nj/williamstown/,5,83,6.02%,6.93
https://couchdisposalplus.com/couch-donation-pickup/in/crawfordsville/,5,80,6.25%,8.04
https://couchdisposalplus.com/couch-disposal/ct/plainville/,5,71,7.04%,8.3
https://couchdisposalplus.com/bedding-linen-disposal/wi/west-bend/,5,69,7.25%,9.32
https://couchdisposalplus.com/donation-pickup/couch/clifton-nj/,5,69,7.25%,18.17
https://couchdisposalplus.com/couch-disposal/ny/gloversville/,5,66,7.58%,7.11
https://couchdisposalplus.com/couch-donation-pickup/ma/northampton/,5,61,8.2%,7.87
https://couchdisposalplus.com/couch-disposal/oh/cheviot/,5,57,8.77%,16.33
https://couchdisposalplus.com/couch-donation-pickup/ga/calhoun/,5,54,9.26%,14.63
https://couchdisposalplus.com/couch-disposal/il/red-bud/,5,51,9.8%,7.9
https://couchdisposalplus.com/couch-disposal/wa/covington/,5,50,10%,10.68
https://couchdisposalplus.com/couch-disposal/il/dixon/,5,50,10%,11.38
https://couchdisposalplus.com/couch-donation-pickup/ma/west-bridgewater/,5,46,10.87%,8.76
https://couchdisposalplus.com/mattress-disposal/wi/spring-green/,5,43,11.63%,15.16
https://couchdisposalplus.com/donation-pickup/couch/moreno-valley-ca/,5,36,13.89%,9.14
https://couchdisposalplus.com/couch-disposal/mn/sauk-centre/,5,35,14.29%,9.86
https://couchdisposalplus.com/appliance-disposal/wi/new-richmond/,5,34,14.71%,9.32
https://couchdisposalplus.com/appliance-disposal/ne/north-platte/,5,33,15.15%,8.82
https://couchdisposalplus.com/couch-disposal/ia/west-union/,5,19,26.32%,7.42
https://couchdisposalplus.com/furniture-disposal/co/colorado-springs/,4,43268,0.01%,71.43
https://couchdisposalplus.com/mattress-disposal/nm/albuquerque/,4,17792,0.02%,73.35
https://couchdisposalplus.com/mattress-disposal/la/baton-rouge/,4,8087,0.05%,72.06
https://couchdisposalplus.com/mattress-disposal/tx/houston/,4,6833,0.06%,60.94
https://couchdisposalplus.com/couch-disposal/tn/knoxville/,4,6447,0.06%,41.88
https://couchdisposalplus.com/couch-disposal/pa/bristol/,4,5506,0.07%,28.05
https://couchdisposalplus.com/blog/home-cleaning/how-to-get-vomit-stains-and-smells-out-of-a-couch/,4,3647,0.11%,47.4
https://couchdisposalplus.com/appliance-disposal/al/montgomery/,4,3617,0.11%,64.53
https://couchdisposalplus.com/couch-disposal/tn/chattanooga/,4,3442,0.12%,23.1
https://couchdisposalplus.com/couch-disposal/pa/chester/,4,3378,0.12%,52.14
https://couchdisposalplus.com/couch-disposal/nc/mooresville/,4,2209,0.18%,44.48
https://couchdisposalplus.com/furniture-disposal/tx/garland/,4,1680,0.24%,60.04
https://couchdisposalplus.com/couch-disposal/ga/suwanee/,4,1650,0.24%,45.07
https://couchdisposalplus.com/couch-disposal/ny/brookhaven/,4,1365,0.29%,26.79
https://couchdisposalplus.com/couch-disposal/ga/augusta/,4,1347,0.3%,30.88